Workbook

Sheet Study Checklist
A1: STUDY CHECKLIST — pick your study type, then complete only the sections shown | Q1: Sections for this selection
A2: Select Study Type / Service Line: | H2: =IF($D$2="","Select a study type to begin",IF(COUNTIF(N3:N136,"Not Ready")=0,"READY TO PROCEED","NOT READY — items still open")) -> Select a study type to begin | Q2: Section | R2: Show for selection?
A3: Folder Processing Checklist | L3: Status | Q3: Folder Processing Checklist | R3: =IF($D$2="","(select study type)",IFERROR(INDEX(Configuration!$C$3:$C$200,MATCH($D$2&"|"&Q3,Configuration!$F$3:$F$200,0)),"—")) -> (select study type) | S3: Folder Processing Checklist | T3: =IFERROR(INDEX($W$3:$W$19,MATCH($S3,$V$3:$V$19,0)),TRUE()) -> TRUE | V3: Folder Processing Checklist | W3: =IF($D$2="",TRUE(),IFERROR(INDEX(Configuration!$C$3:$C$200,MATCH($D$2&"|"&V3,Configuration!$F$3:$F$200,0))<>"No",TRUE())) -> TRUE
A4: Required Documents in Final Folder | L4: Done | M4: N/A | Q4: AX Processing Checklist | R4: =IF($D$2="","(select study type)",IFERROR(INDEX(Configuration!$C$3:$C$200,MATCH($D$2&"|"&Q4,Configuration!$F$3:$F$200,0)),"—")) -> (select study type) | S4: Folder Processing Checklist | T4: =IFERROR(INDEX($W$3:$W$19,MATCH($S4,$V$3:$V$19,0)),TRUE()) -> TRUE | V4: AX Processing Checklist | W4: =IF($D$2="",TRUE(),IFERROR(INDEX(Configuration!$C$3:$C$200,MATCH($D$2&"|"&V4,Configuration!$F$3:$F$200,0))<>"No",TRUE())) -> TRUE
A5: 1 | B5: Copy of Quotation (Final Version) | M5: =IF(NOT($T5),"☑","☐") -> ☐ | N5: =IF(NOT($T5),"N/A",IF($O5=TRUE(),"Ready","Not Ready")) -> Not Ready | Q5: CT/CST Check | R5: =IF($D$2="","(select study type)",IFERROR(INDEX(Configuration!$C$3:$C$200,MATCH($D$2&"|"&Q5,Configuration!$F$3:$F$200,0)),"—")) -> (select study type) | S5: Folder Processing Checklist | T5: =IFERROR(INDEX($W$3:$W$19,MATCH($S5,$V$3:$V$19,0)),TRUE()) -> TRUE | V5: CT/CST Check | W5: =IF($D$2="",TRUE(),IFERROR(INDEX(Configuration!$C$3:$C$200,MATCH($D$2&"|"&V5,Configuration!$F$3:$F$200,0))<>"No",TRUE())) -> TRUE
A6: 2 | B6: Copy of Formal Approval (PO, signed quote/SOW, CC or eCOM order email). | M6: =IF(NOT($T6),"☑","☐") -> ☐ | N6: =IF(NOT($T6),"N/A",IF($O6=TRUE(),"Ready","Not Ready")) -> Not Ready | Q6: Document Processing Checklist | R6: =IF($D$2="","(select study type)",IFERROR(INDEX(Configuration!$C$3:$C$200,MATCH($D$2&"|"&Q6,Configuration!$F$3:$F$200,0)),"—")) -> (select study type) | S6: Folder Processing Checklist | T6: =IFERROR(INDEX($W$3:$W$19,MATCH($S6,$V$3:$V$19,0)),TRUE()) -> TRUE | V6: Document Processing Checklist | W6: =IF($D$2="",TRUE(),IFERROR(INDEX(Configuration!$C$3:$C$200,MATCH($D$2&"|"&V6,Configuration!$F$3:$F$200,0))<>"No",TRUE())) -> TRUE
B7: If formal approval is a signed quote or SOW: | Q7: Purchase Order Check | R7: =IF($D$2="","(select study type)",IFERROR(INDEX(Configuration!$C$3:$C$200,MATCH($D$2&"|"&Q7,Configuration!$F$3:$F$200,0)),"—")) -> (select study type) | S7: Folder Processing Checklist | T7: =IFERROR(INDEX($W$3:$W$19,MATCH($S7,$V$3:$V$19,0)),TRUE()) -> TRUE | V7: Purchase Order Check | W7: =IF($D$2="",TRUE(),IFERROR(INDEX(Configuration!$C$3:$C$200,MATCH($D$2&"|"&V7,Configuration!$F$3:$F$200,0))<>"No",TRUE())) -> TRUE
B8: CS has confirmed with client that NO PO will be required. | M8: =IF(NOT($T8),"☑","☐") -> ☐ | N8: =IF(NOT($T8),"N/A",IF($O8=TRUE(),"Ready","Not Ready")) -> Not Ready | Q8: Compound Submission Form Check | R8: =IF($D$2="","(select study type)",IFERROR(INDEX(Configuration!$C$3:$C$200,MATCH($D$2&"|"&Q8,Configuration!$F$3:$F$200,0)),"—")) -> (select study type) | S8: Folder Processing Checklist | T8: =IFERROR(INDEX($W$3:$W$19,MATCH($S8,$V$3:$V$19,0)),TRUE()) -> TRUE | V8: Compound Submission Form Check | W8: =IF($D$2="",TRUE(),IFERROR(INDEX(Configuration!$C$3:$C$200,MATCH($D$2&"|"&V8,Configuration!$F$3:$F$200,0))<>"No",TRUE())) -> TRUE
B9: The relevant e-mail has been saved to study folder titled "Attn Finance". | M9: =IF(NOT($T9),"☑","☐") -> ☐ | N9: =IF(NOT($T9),"N/A",IF($O9=TRUE(),"Ready","Not Ready")) -> Not Ready | Q9: Study Details Check | R9: =IF($D$2="","(select study type)",IFERROR(INDEX(Configuration!$C$3:$C$200,MATCH($D$2&"|"&Q9,Configuration!$F$3:$F$200,0)),"—")) -> (select study type) | S9: Folder Processing Checklist | T9: =IFERROR(INDEX($W$3:$W$19,MATCH($S9,$V$3:$V$19,0)),TRUE()) -> TRUE | V9: Study Details Check | W9: =IF($D$2="",TRUE(),IFERROR(INDEX(Configuration!$C$3:$C$200,MATCH($D$2&"|"&V9,Configuration!$F$3:$F$200,0))<>"No",TRUE())) -> TRUE
B10: If PO is NEVER REQUIRED: eLIMs Client Specification has been created. | M10: =IF(NOT($T10),"☑","☐") -> ☐ | N10: =IF(NOT($T10),"N/A",IF($O10=TRUE(),"Ready","Not Ready")) -> Not Ready | Q10: Study Details - Special Instructions | R10: =IF($D$2="","(select study type)",IFERROR(INDEX(Configuration!$C$3:$C$200,MATCH($D$2&"|"&Q10,Configuration!$F$3:$F$200,0)),"—")) -> (select study type) | S10: Folder Processing Checklist | T10: =IFERROR(INDEX($W$3:$W$19,MATCH($S10,$V$3:$V$19,0)),TRUE()) -> TRUE | V10: Study Details - Special Instructions | W10: =IF($D$2="",TRUE(),IFERROR(INDEX(Configuration!$C$3:$C$200,MATCH($D$2&"|"&V10,Configuration!$F$3:$F$200,0))<>"No",TRUE())) -> TRUE
A11: 3 | B11: Completed FINAL Digital Compound Submission Form (CSF) | M11: =IF(NOT($T11),"☑","☐") -> ☐ | N11: =IF(NOT($T11),"N/A",IF($O11=TRUE(),"Ready","Not Ready")) -> Not Ready | Q11: Service Line Specific Checks | R11: =IF($D$2="","(select study type)",IFERROR(INDEX(Configuration!$C$3:$C$200,MATCH($D$2&"|"&Q11,Configuration!$F$3:$F$200,0)),"—")) -> (select study type) | S11: Folder Processing Checklist | T11: =IFERROR(INDEX($W$3:$W$19,MATCH($S11,$V$3:$V$19,0)),TRUE()) -> TRUE | V11: Service Line Specific Checks | W11: =IF($D$2="",TRUE(),IFERROR(INDEX(Configuration!$C$3:$C$200,MATCH($D$2&"|"&V11,Configuration!$F$3:$F$200,0))<>"No",TRUE())) -> TRUE
A12: 4 | B12: Record of FINAL Test Concentrations | M12: =IF(NOT($T12),"☑","☐") -> ☐ | N12: =IF(NOT($T12),"N/A",IF($O12=TRUE(),"Ready","Not Ready")) -> Not Ready | Q12: ADME | R12: =IF($D$2="","(select study type)",IFERROR(INDEX(Configuration!$C$3:$C$200,MATCH($D$2&"|"&Q12,Configuration!$F$3:$F$200,0)),"—")) -> (select study type) | S12: Folder Processing Checklist | T12: =IFERROR(INDEX($W$3:$W$19,MATCH($S12,$V$3:$V$19,0)),TRUE()) -> TRUE | V12: ADME | W12: =IF($D$2="",TRUE(),IFERROR(INDEX(Configuration!$C$3:$C$200,MATCH($D$2&"|"&V12,Configuration!$F$3:$F$200,0))<>"No",TRUE())) -> TRUE
B13: eCOM/ICPO Orders: Export of Compound Study Table (CST) Saved | M13: =IF(NOT($T13),"☑","☐") -> ☐ | N13: =IF(NOT($T13),"N/A",IF($O13=TRUE(),"Ready","Not Ready")) -> Not Ready | Q13: Ion Channels | R13: =IF($D$2="","(select study type)",IFERROR(INDEX(Configuration!$C$3:$C$200,MATCH($D$2&"|"&Q13,Configuration!$F$3:$F$200,0)),"—")) -> (select study type) | S13: Folder Processing Checklist | T13: =IFERROR(INDEX($W$3:$W$19,MATCH($S13,$V$3:$V$19,0)),TRUE()) -> TRUE | V13: Ion Channels | W13: =IF($D$2="",TRUE(),IFERROR(INDEX(Configuration!$C$3:$C$200,MATCH($D$2&"|"&V13,Configuration!$F$3:$F$200,0))<>"No",TRUE())) -> TRUE
B14: Other Order Types: Bottom Portion of CSF Completed | M14: =IF(NOT($T14),"☑","☐") -> ☐ | N14: =IF(NOT($T14),"N/A",IF($O14=TRUE(),"Ready","Not Ready")) -> Not Ready | Q14: BioMAP | R14: =IF($D$2="","(select study type)",IFERROR(INDEX(Configuration!$C$3:$C$200,MATCH($D$2&"|"&Q14,Configuration!$F$3:$F$200,0)),"—")) -> (select study type) | S14: Folder Processing Checklist | T14: =IFERROR(INDEX($W$3:$W$19,MATCH($S14,$V$3:$V$19,0)),TRUE()) -> TRUE | V14: BioMAP | W14: =IF($D$2="",TRUE(),IFERROR(INDEX(Configuration!$C$3:$C$200,MATCH($D$2&"|"&V14,Configuration!$F$3:$F$200,0))<>"No",TRUE())) -> TRUE
A15: 5 | B15: E-mail for Any Supporting Documentation or Special Instructions (If Applicable) | M15: =IF(NOT($T15),"☑","☐") -> ☐ | N15: =IF(NOT($T15),"N/A",IF($O15=TRUE(),"Ready","Not Ready")) -> Not Ready | Q15: Biomarkers | R15: =IF($D$2="","(select study type)",IFERROR(INDEX(Configuration!$C$3:$C$200,MATCH($D$2&"|"&Q15,Configuration!$F$3:$F$200,0)),"—")) -> (select study type) | S15: Folder Processing Checklist | T15: =IFERROR(INDEX($W$3:$W$19,MATCH($S15,$V$3:$V$19,0)),TRUE()) -> TRUE | V15: Biomarkers | W15: =IF($D$2="",TRUE(),IFERROR(INDEX(Configuration!$C$3:$C$200,MATCH($D$2&"|"&V15,Configuration!$F$3:$F$200,0))<>"No",TRUE())) -> TRUE
A16: 6 | B16: Compound Check E-mail Saved: If In-House Compounds Being Screened | M16: =IF(NOT($T16),"☑","☐") -> ☐ | N16: =IF(NOT($T16),"N/A",IF($O16=TRUE(),"Ready","Not Ready")) -> Not Ready | Q16: OncoPanel | R16: =IF($D$2="","(select study type)",IFERROR(INDEX(Configuration!$C$3:$C$200,MATCH($D$2&"|"&Q16,Configuration!$F$3:$F$200,0)),"—")) -> (select study type) | S16: Folder Processing Checklist | T16: =IFERROR(INDEX($W$3:$W$19,MATCH($S16,$V$3:$V$19,0)),TRUE()) -> TRUE | V16: OncoPanel | W16: =IF($D$2="",TRUE(),IFERROR(INDEX(Configuration!$C$3:$C$200,MATCH($D$2&"|"&V16,Configuration!$F$3:$F$200,0))<>"No",TRUE())) -> TRUE
A17: 7 | B17: Completed Study Details | M17: =IF(NOT($T17),"☑","☐") -> ☐ | N17: =IF(NOT($T17),"N/A",IF($O17=TRUE(),"Ready","Not Ready")) -> Not Ready | Q17: Biotherapeutics | R17: =IF($D$2="","(select study type)",IFERROR(INDEX(Configuration!$C$3:$C$200,MATCH($D$2&"|"&Q17,Configuration!$F$3:$F$200,0)),"—")) -> (select study type) | S17: Folder Processing Checklist | T17: =IFERROR(INDEX($W$3:$W$19,MATCH($S17,$V$3:$V$19,0)),TRUE()) -> TRUE | V17: Biotherapeutics | W17: =IF($D$2="",TRUE(),IFERROR(INDEX(Configuration!$C$3:$C$200,MATCH($D$2&"|"&V17,Configuration!$F$3:$F$200,0))<>"No",TRUE())) -> TRUE
A18: 8 | B18: FINAL Study Plan (If Applicable) | M18: =IF(NOT($T18),"☑","☐") -> ☐ | N18: =IF(NOT($T18),"N/A",IF($O18=TRUE(),"Ready","Not Ready")) -> Not Ready | Q18: After Shipment Received | R18: =IF($D$2="","(select study type)",IFERROR(INDEX(Configuration!$C$3:$C$200,MATCH($D$2&"|"&Q18,Configuration!$F$3:$F$200,0)),"—")) -> (select study type) | S18: Folder Processing Checklist | T18: =IFERROR(INDEX($W$3:$W$19,MATCH($S18,$V$3:$V$19,0)),TRUE()) -> TRUE | V18: After Shipment Received | W18: =IF($D$2="",TRUE(),IFERROR(INDEX(Configuration!$C$3:$C$200,MATCH($D$2&"|"&V18,Configuration!$F$3:$F$200,0))<>"No",TRUE())) -> TRUE
A19: 9 | B19: Prepayment Received, E-mail Saved (If Required) | M19: =IF(NOT($T19),"☑","☐") -> ☐ | N19: =IF(NOT($T19),"N/A",IF($O19=TRUE(),"Ready","Not Ready")) -> Not Ready | Q19: Comments/Notes | R19: =IF($D$2="","(select study type)",IFERROR(INDEX(Configuration!$C$3:$C$200,MATCH($D$2&"|"&Q19,Configuration!$F$3:$F$200,0)),"—")) -> (select study type) | S19: Folder Processing Checklist | T19: =IFERROR(INDEX($W$3:$W$19,MATCH($S19,$V$3:$V$19,0)),TRUE()) -> TRUE | V19: Comments/Notes | W19: =IF($D$2="",TRUE(),IFERROR(INDEX(Configuration!$C$3:$C$200,MATCH($D$2&"|"&V19,Configuration!$F$3:$F$200,0))<>"No",TRUE())) -> TRUE
A21: AX Processing Checklist | L21: Status | S21: AX Processing Checklist | T21: =IFERROR(INDEX($W$3:$W$19,MATCH($S21,$V$3:$V$19,0)),TRUE()) -> TRUE
A22: Order Confirmed | L22: Done | M22: N/A | S22: AX Processing Checklist | T22: =IFERROR(INDEX($W$3:$W$19,MATCH($S22,$V$3:$V$19,0)),TRUE()) -> TRUE
A23: 1 | B23: Quote Confirmed to Sales Order | M23: =IF(NOT($T23),"☑","☐") -> ☐ | N23: =IF(NOT($T23),"N/A",IF($O23=TRUE(),"Ready","Not Ready")) -> Not Ready | S23: AX Processing Checklist | T23: =IFERROR(INDEX($W$3:$W$19,MATCH($S23,$V$3:$V$19,0)),TRUE()) -> TRUE
A24: AX Header Setup | L24: Done | M24: N/A | S24: AX Processing Checklist | T24: =IFERROR(INDEX($W$3:$W$19,MATCH($S24,$V$3:$V$19,0)),TRUE()) -> TRUE
A25: 1 | B25: Invoicing Contact is Correct ( See Purchase Order Check Section) | M25: =IF(NOT($T25),"☑","☐") -> ☐ | N25: =IF(NOT($T25),"N/A",IF($O25=TRUE(),"Ready","Not Ready")) -> Not Ready | S25: AX Processing Checklist | T25: =IFERROR(INDEX($W$3:$W$19,MATCH($S25,$V$3:$V$19,0)),TRUE()) -> TRUE
B26: Set as 'Accounts Payable' (If Applicable - Check All eCommerce Orders) | M26: =IF(NOT($T26),"☑","☐") -> ☐ | N26: =IF(NOT($T26),"N/A",IF($O26=TRUE(),"Ready","Not Ready")) -> Not Ready | S26: AX Processing Checklist | T26: =IFERROR(INDEX($W$3:$W$19,MATCH($S26,$V$3:$V$19,0)),TRUE()) -> TRUE
A27: 2 | B27: Form of Approval is in PO Field | M27: =IF(NOT($T27),"☑","☐") -> ☐ | N27: =IF(NOT($T27),"N/A",IF($O27=TRUE(),"Ready","Not Ready")) -> Not Ready | S27: AX Processing Checklist | T27: =IFERROR(INDEX($W$3:$W$19,MATCH($S27,$V$3:$V$19,0)),TRUE()) -> TRUE
A28: 3 | B28: Study Director Assigned in AX | M28: =IF(NOT($T28),"☑","☐") -> ☐ | N28: =IF(NOT($T28),"N/A",IF($O28=TRUE(),"Ready","Not Ready")) -> Not Ready | S28: AX Processing Checklist | T28: =IFERROR(INDEX($W$3:$W$19,MATCH($S28,$V$3:$V$19,0)),TRUE()) -> TRUE
A29: CT/CST Check | L29: Done | M29: N/A | S29: CT/CST Check | T29: =IFERROR(INDEX($W$3:$W$19,MATCH($S29,$V$3:$V$19,0)),TRUE()) -> TRUE
A30: 1 | B30: Compound Table and Compound Study Table (CT/CST) Completed in AX | M30: =IF(NOT($T30),"☑","☐") -> ☐ | N30: =IF(NOT($T30),"N/A",IF($O30=TRUE(),"Ready","Not Ready")) -> Not Ready | S30: CT/CST Check | T30: =IFERROR(INDEX($W$3:$W$19,MATCH($S30,$V$3:$V$19,0)),TRUE()) -> TRUE
B31: Specific Compound/Assay association (not all compounds will be tested in all assays), 2nd ck required Initials: | M31: =IF(NOT($T31),"☑","☐") -> ☐ | N31: =IF(NOT($T31),"N/A",IF($O31=TRUE(),"Ready","Not Ready")) -> Not Ready | S31: CT/CST Check | T31: =IFERROR(INDEX($W$3:$W$19,MATCH($S31,$V$3:$V$19,0)),TRUE()) -> TRUE
A32: 2 | B32: Number of Compounds in CT/CST Matches Quote and Compound Submission Form | M32: =IF(NOT($T32),"☑","☐") -> ☐ | N32: =IF(NOT($T32),"N/A",IF($O32=TRUE(),"Ready","Not Ready")) -> Not Ready | S32: CT/CST Check | T32: =IFERROR(INDEX($W$3:$W$19,MATCH($S32,$V$3:$V$19,0)),TRUE()) -> TRUE
A33: 3 | B33: Compound ID in CT/CST Matches Compound Submission Form | M33: =IF(NOT($T33),"☑","☐") -> ☐ | N33: =IF(NOT($T33),"N/A",IF($O33=TRUE(),"Ready","Not Ready")) -> Not Ready | S33: CT/CST Check | T33: =IFERROR(INDEX($W$3:$W$19,MATCH($S33,$V$3:$V$19,0)),TRUE()) -> TRUE
A34: 4 | B34: Study Number in CT/CST Is Correct and Matches Sales Order | M34: =IF(NOT($T34),"☑","☐") -> ☐ | N34: =IF(NOT($T34),"N/A",IF($O34=TRUE(),"Ready","Not Ready")) -> Not Ready | S34: CT/CST Check | T34: =IFERROR(INDEX($W$3:$W$19,MATCH($S34,$V$3:$V$19,0)),TRUE()) -> TRUE
A35: 5 | B35: Final Concentration(s) Listed in CST Match Lower Portion of CSF or Client E-mail. | M35: =IF(NOT($T35),"☑","☐") -> ☐ | N35: =IF(NOT($T35),"N/A",IF($O35=TRUE(),"Ready","Not Ready")) -> Not Ready | S35: CT/CST Check | T35: =IFERROR(INDEX($W$3:$W$19,MATCH($S35,$V$3:$V$19,0)),TRUE()) -> TRUE
A36: 6 | B36: Number of Assay Lines in CST Matches Sales Order | M36: =IF(NOT($T36),"☑","☐") -> ☐ | N36: =IF(NOT($T36),"N/A",IF($O36=TRUE(),"Ready","Not Ready")) -> Not Ready | S36: CT/CST Check | T36: =IFERROR(INDEX($W$3:$W$19,MATCH($S36,$V$3:$V$19,0)),TRUE()) -> TRUE
A38: Document Processing Checklist | L38: Status | S38: Document Processing Checklist | T38: =IFERROR(INDEX($W$3:$W$19,MATCH($S38,$V$3:$V$19,0)),TRUE()) -> TRUE
A39: Purchase Order Check (Refer to SOP 11) PO Check-in must be be done on ALL US034 orders, whether created via eCommerce or by Lab P Client Services. | L39: Done | M39: N/A | S39: Purchase Order Check | T39: =IFERROR(INDEX($W$3:$W$19,MATCH($S39,$V$3:$V$19,0)),TRUE()) -> TRUE
A40: 1 | B40: Correct Eurofins Entity is Listed | M40: =IF(NOT($T40),"☑","☐") -> ☐ | N40: =IF(NOT($T40),"N/A",IF($O40=TRUE(),"Ready","Not Ready")) -> Not Ready | S40: Purchase Order Check | T40: =IFERROR(INDEX($W$3:$W$19,MATCH($S40,$V$3:$V$19,0)),TRUE()) -> TRUE
A41: 2 | B41: Client Business Address (Physical and E-mail) Matches AX | M41: =IF(NOT($T41),"☑","☐") -> ☐ | N41: =IF(NOT($T41),"N/A",IF($O41=TRUE(),"Ready","Not Ready")) -> Not Ready | S41: Purchase Order Check | T41: =IFERROR(INDEX($W$3:$W$19,MATCH($S41,$V$3:$V$19,0)),TRUE()) -> TRUE
B42: If Discrepant: CRM Updated, Contact Synced, AX Header Updated | M42: =IF(NOT($T42),"☑","☐") -> ☐ | N42: =IF(NOT($T42),"N/A",IF($O42=TRUE(),"Ready","Not Ready")) -> Not Ready | S42: Purchase Order Check | T42: =IFERROR(INDEX($W$3:$W$19,MATCH($S42,$V$3:$V$19,0)),TRUE()) -> TRUE
A43: 3 | B43: Client Invoicing Address (Physical and E-mail) Matches AX | M43: =IF(NOT($T43),"☑","☐") -> ☐ | N43: =IF(NOT($T43),"N/A",IF($O43=TRUE(),"Ready","Not Ready")) -> Not Ready | S43: Purchase Order Check | T43: =IFERROR(INDEX($W$3:$W$19,MATCH($S43,$V$3:$V$19,0)),TRUE()) -> TRUE
B44: If Discrepant: CRM Updated, Contact Synced, AX Header Updated | M44: =IF(NOT($T44),"☑","☐") -> ☐ | N44: =IF(NOT($T44),"N/A",IF($O44=TRUE(),"Ready","Not Ready")) -> Not Ready | S44: Purchase Order Check | T44: =IFERROR(INDEX($W$3:$W$19,MATCH($S44,$V$3:$V$19,0)),TRUE()) -> TRUE
A45: 4 | B45: PO Number in AX Exactly Matches Number on PO Document | M45: =IF(NOT($T45),"☑","☐") -> ☐ | N45: =IF(NOT($T45),"N/A",IF($O45=TRUE(),"Ready","Not Ready")) -> Not Ready | S45: Purchase Order Check | T45: =IFERROR(INDEX($W$3:$W$19,MATCH($S45,$V$3:$V$19,0)),TRUE()) -> TRUE
A46: 5 | B46: Value of PO Matches Sales Order Value | M46: =IF(NOT($T46),"☑","☐") -> ☐ | N46: =IF(NOT($T46),"N/A",IF($O46=TRUE(),"Ready","Not Ready")) -> Not Ready | S46: Purchase Order Check | T46: =IFERROR(INDEX($W$3:$W$19,MATCH($S46,$V$3:$V$19,0)),TRUE()) -> TRUE
A47: 6 | B47: Currency of PO Matches Sales Order | M47: =IF(NOT($T47),"☑","☐") -> ☐ | N47: =IF(NOT($T47),"N/A",IF($O47=TRUE(),"Ready","Not Ready")) -> Not Ready | S47: Purchase Order Check | T47: =IFERROR(INDEX($W$3:$W$19,MATCH($S47,$V$3:$V$19,0)),TRUE()) -> TRUE
A48: 7 | B48: Net Payment Terms of PO Match Client Payment Terms in eLIMS | M48: =IF(NOT($T48),"☑","☐") -> ☐ | N48: =IF(NOT($T48),"N/A",IF($O48=TRUE(),"Ready","Not Ready")) -> Not Ready | S48: Purchase Order Check | T48: =IFERROR(INDEX($W$3:$W$19,MATCH($S48,$V$3:$V$19,0)),TRUE()) -> TRUE
A49: Compound Submission Form Check | L49: Done | M49: N/A | S49: Compound Submission Form Check | T49: =IFERROR(INDEX($W$3:$W$19,MATCH($S49,$V$3:$V$19,0)),TRUE()) -> TRUE
B50: IF A PO# IS LISTED ON THE CSF BUT THE CLIENT HAS NOT PROVIDED A PO# ELSEWHERE, OR THE PO# DOES NOT MATCH eCOM ORDER/PO DOCUMENT, THEN CS MUST REACH OUT TO CUSTOMER FOR CLARIFICATION. | M50: =IF(NOT($T50),"☑","☐") -> ☐ | N50: =IF(NOT($T50),"N/A",IF($O50=TRUE(),"Ready","Not Ready")) -> Not Ready | S50: Compound Submission Form Check | T50: =IFERROR(INDEX($W$3:$W$19,MATCH($S50,$V$3:$V$19,0)),TRUE()) -> TRUE
A51: 1 | B51: Number of Compounds Matches Between CSF and Sales Order | M51: =IF(NOT($T51),"☑","☐") -> ☐ | N51: =IF(NOT($T51),"N/A",IF($O51=TRUE(),"Ready","Not Ready")) -> Not Ready | S51: Compound Submission Form Check | T51: =IFERROR(INDEX($W$3:$W$19,MATCH($S51,$V$3:$V$19,0)),TRUE()) -> TRUE
A52: 3 | B52: Formula Weight (g/mol) is Listed - Required for Solids | M52: =IF(NOT($T52),"☑","☐") -> ☐ | N52: =IF(NOT($T52),"N/A",IF($O52=TRUE(),"Ready","Not Ready")) -> Not Ready | S52: Compound Submission Form Check | T52: =IFERROR(INDEX($W$3:$W$19,MATCH($S52,$V$3:$V$19,0)),TRUE()) -> TRUE
A53: 4 | B53: Compound Weight/Exact Mass is Listed - Required for Solids | M53: =IF(NOT($T53),"☑","☐") -> ☐ | N53: =IF(NOT($T53),"N/A",IF($O53=TRUE(),"Ready","Not Ready")) -> Not Ready | S53: Compound Submission Form Check | T53: =IFERROR(INDEX($W$3:$W$19,MATCH($S53,$V$3:$V$19,0)),TRUE()) -> TRUE
A54: 5 | B54: Stock Concentration and Unit Listed - Required for Liquids | M54: =IF(NOT($T54),"☑","☐") -> ☐ | N54: =IF(NOT($T54),"N/A",IF($O54=TRUE(),"Ready","Not Ready")) -> Not Ready | S54: Compound Submission Form Check | T54: =IFERROR(INDEX($W$3:$W$19,MATCH($S54,$V$3:$V$19,0)),TRUE()) -> TRUE
A55: 6 | B55: Vehicle/Solvent (e.g. DMSO, PBS, H2O) Listed - Required for Liquids and BioMAP | M55: =IF(NOT($T55),"☑","☐") -> ☐ | N55: =IF(NOT($T55),"N/A",IF($O55=TRUE(),"Ready","Not Ready")) -> Not Ready | S55: Compound Submission Form Check | T55: =IFERROR(INDEX($W$3:$W$19,MATCH($S55,$V$3:$V$19,0)),TRUE()) -> TRUE
A56: 7 | B56: Volume Amount and Unit Listed - Required for Liquid Compounds | M56: =IF(NOT($T56),"☑","☐") -> ☐ | N56: =IF(NOT($T56),"N/A",IF($O56=TRUE(),"Ready","Not Ready")) -> Not Ready | S56: Compound Submission Form Check | T56: =IFERROR(INDEX($W$3:$W$19,MATCH($S56,$V$3:$V$19,0)),TRUE()) -> TRUE
A57: 8 | B57: Sufficient Amount of Compound Received | M57: =IF(NOT($T57),"☑","☐") -> ☐ | N57: =IF(NOT($T57),"N/A",IF($O57=TRUE(),"Ready","Not Ready")) -> Not Ready | S57: Compound Submission Form Check | T57: =IFERROR(INDEX($W$3:$W$19,MATCH($S57,$V$3:$V$19,0)),TRUE()) -> TRUE
B58: If uncertain of compound requirement (due to multiple assays, varying stock concentrations, etc), CMT has been consulted for amount needed. | M58: =IF(NOT($T58),"☑","☐") -> ☐ | N58: =IF(NOT($T58),"N/A",IF($O58=TRUE(),"Ready","Not Ready")) -> Not Ready | S58: Compound Submission Form Check | T58: =IFERROR(INDEX($W$3:$W$19,MATCH($S58,$V$3:$V$19,0)),TRUE()) -> TRUE
B59: Powder: Total amount listed accommodates all assays in the study, per the FINAL Sales Order in AX, and considers MW. | M59: =IF(NOT($T59),"☑","☐") -> ☐ | N59: =IF(NOT($T59),"N/A",IF($O59=TRUE(),"Ready","Not Ready")) -> Not Ready | S59: Compound Submission Form Check | T59: =IFERROR(INDEX($W$3:$W$19,MATCH($S59,$V$3:$V$19,0)),TRUE()) -> TRUE
B60: Liquid: Volume and stock conc. accommodates all assays in the study, per the FINAL Sales Order in AX. | M60: =IF(NOT($T60),"☑","☐") -> ☐ | N60: =IF(NOT($T60),"N/A",IF($O60=TRUE(),"Ready","Not Ready")) -> Not Ready | S60: Compound Submission Form Check | T60: =IFERROR(INDEX($W$3:$W$19,MATCH($S60,$V$3:$V$19,0)),TRUE()) -> TRUE
B61: Stock Concentration Supports Top Test Concentration | M61: =IF(NOT($T61),"☑","☐") -> ☐ | N61: =IF(NOT($T61),"N/A",IF($O61=TRUE(),"Ready","Not Ready")) -> Not Ready | S61: Compound Submission Form Check | T61: =IFERROR(INDEX($W$3:$W$19,MATCH($S61,$V$3:$V$19,0)),TRUE()) -> TRUE
B62: Stock Concentration Aligns With Service Line Requirement | M62: =IF(NOT($T62),"☑","☐") -> ☐ | N62: =IF(NOT($T62),"N/A",IF($O62=TRUE(),"Ready","Not Ready")) -> Not Ready | S62: Compound Submission Form Check | T62: =IFERROR(INDEX($W$3:$W$19,MATCH($S62,$V$3:$V$19,0)),TRUE()) -> TRUE
A63: 9 | B63: Plate/Rack Name/Vial Barcode Listed - Required for Plated Compounds | M63: =IF(NOT($T63),"☑","☐") -> ☐ | N63: =IF(NOT($T63),"N/A",IF($O63=TRUE(),"Ready","Not Ready")) -> Not Ready | S63: Compound Submission Form Check | T63: =IFERROR(INDEX($W$3:$W$19,MATCH($S63,$V$3:$V$19,0)),TRUE()) -> TRUE
A64: 10 | B64: Well ID Listed - Required for Plated Compounds | M64: =IF(NOT($T64),"☑","☐") -> ☐ | N64: =IF(NOT($T64),"N/A",IF($O64=TRUE(),"Ready","Not Ready")) -> Not Ready | S64: Compound Submission Form Check | T64: =IFERROR(INDEX($W$3:$W$19,MATCH($S64,$V$3:$V$19,0)),TRUE()) -> TRUE
A65: 11 | B65: Form of Compound Listed (e.g. Liquid, Powder, Oil) - Required for All Compounds | M65: =IF(NOT($T65),"☑","☐") -> ☐ | N65: =IF(NOT($T65),"N/A",IF($O65=TRUE(),"Ready","Not Ready")) -> Not Ready | S65: Compound Submission Form Check | T65: =IFERROR(INDEX($W$3:$W$19,MATCH($S65,$V$3:$V$19,0)),TRUE()) -> TRUE
A66: 12 | B66: Storage Condition Listed - Required for All Compounds | M66: =IF(NOT($T66),"☑","☐") -> ☐ | N66: =IF(NOT($T66),"N/A",IF($O66=TRUE(),"Ready","Not Ready")) -> Not Ready | S66: Compound Submission Form Check | T66: =IFERROR(INDEX($W$3:$W$19,MATCH($S66,$V$3:$V$19,0)),TRUE()) -> TRUE
A67: 13 | B67: Molecular Weight (g/mol, base form) is Listed - Required for ADME Services | M67: =IF(NOT($T67),"☑","☐") -> ☐ | N67: =IF(NOT($T67),"N/A",IF($O67=TRUE(),"Ready","Not Ready")) -> Not Ready | S67: Compound Submission Form Check | T67: =IFERROR(INDEX($W$3:$W$19,MATCH($S67,$V$3:$V$19,0)),TRUE()) -> TRUE
B68: MW is Not Higher than FW | M68: =IF(NOT($T68),"☑","☐") -> ☐ | N68: =IF(NOT($T68),"N/A",IF($O68=TRUE(),"Ready","Not Ready")) -> Not Ready | S68: Compound Submission Form Check | T68: =IFERROR(INDEX($W$3:$W$19,MATCH($S68,$V$3:$V$19,0)),TRUE()) -> TRUE
A69: 14 | B69: CSF Special Instructions Copied to Study Details | M69: =IF(NOT($T69),"☑","☐") -> ☐ | N69: =IF(NOT($T69),"N/A",IF($O69=TRUE(),"Ready","Not Ready")) -> Not Ready | S69: Compound Submission Form Check | T69: =IFERROR(INDEX($W$3:$W$19,MATCH($S69,$V$3:$V$19,0)),TRUE()) -> TRUE
B70: If Applicable: Reviewed/Approved by SD | M70: =IF(NOT($T70),"☑","☐") -> ☐ | N70: =IF(NOT($T70),"N/A",IF($O70=TRUE(),"Ready","Not Ready")) -> Not Ready | S70: Compound Submission Form Check | T70: =IFERROR(INDEX($W$3:$W$19,MATCH($S70,$V$3:$V$19,0)),TRUE()) -> TRUE
A71: 15 | B71: Test Concentrations Listed in Bottom Portion of CSF (Top Concentration or Full Range) | M71: =IF(NOT($T71),"☑","☐") -> ☐ | N71: =IF(NOT($T71),"N/A",IF($O71=TRUE(),"Ready","Not Ready")) -> Not Ready | S71: Compound Submission Form Check | T71: =IFERROR(INDEX($W$3:$W$19,MATCH($S71,$V$3:$V$19,0)),TRUE()) -> TRUE
B72: Listed Test Concentrations Match CT/CST or Client E-mail | M72: =IF(NOT($T72),"☑","☐") -> ☐ | N72: =IF(NOT($T72),"N/A",IF($O72=TRUE(),"Ready","Not Ready")) -> Not Ready | S72: Compound Submission Form Check | T72: =IFERROR(INDEX($W$3:$W$19,MATCH($S72,$V$3:$V$19,0)),TRUE()) -> TRUE
B73: Top Concentration AND Dilution Factor Listed, OR Full Range | M73: =IF(NOT($T73),"☑","☐") -> ☐ | N73: =IF(NOT($T73),"N/A",IF($O73=TRUE(),"Ready","Not Ready")) -> Not Ready | S73: Compound Submission Form Check | T73: =IFERROR(INDEX($W$3:$W$19,MATCH($S73,$V$3:$V$19,0)),TRUE()) -> TRUE
A75: Study Details Check | L75: Done | M75: N/A | S75: Study Details Check | T75: =IFERROR(INDEX($W$3:$W$19,MATCH($S75,$V$3:$V$19,0)),TRUE()) -> TRUE
A76: 1 | B76: Information Section Completed | M76: =IF(NOT($T76),"☑","☐") -> ☐ | N76: =IF(NOT($T76),"N/A",IF($O76=TRUE(),"Ready","Not Ready")) -> Not Ready | S76: Study Details Check | T76: =IFERROR(INDEX($W$3:$W$19,MATCH($S76,$V$3:$V$19,0)),TRUE()) -> TRUE
B77: Expedited TAT: Marked correctly and TAT time captured. | M77: =IF(NOT($T77),"☑","☐") -> ☐ | N77: =IF(NOT($T77),"N/A",IF($O77=TRUE(),"Ready","Not Ready")) -> Not Ready | S77: Study Details Check | T77: =IFERROR(INDEX($W$3:$W$19,MATCH($S77,$V$3:$V$19,0)),TRUE()) -> TRUE
A78: 2 | B78: Study Requirement Section Completed | M78: =IF(NOT($T78),"☑","☐") -> ☐ | N78: =IF(NOT($T78),"N/A",IF($O78=TRUE(),"Ready","Not Ready")) -> Not Ready | S78: Study Details Check | T78: =IFERROR(INDEX($W$3:$W$19,MATCH($S78,$V$3:$V$19,0)),TRUE()) -> TRUE
B79: Shipping to Other Locations: Details/locations are listed. | M79: =IF(NOT($T79),"☑","☐") -> ☐ | N79: =IF(NOT($T79),"N/A",IF($O79=TRUE(),"Ready","Not Ready")) -> Not Ready | S79: Study Details Check | T79: =IFERROR(INDEX($W$3:$W$19,MATCH($S79,$V$3:$V$19,0)),TRUE()) -> TRUE
B80: Compounds on Site: Compound IDs and previous study number is listed. | M80: =IF(NOT($T80),"☑","☐") -> ☐ | N80: =IF(NOT($T80),"N/A",IF($O80=TRUE(),"Ready","Not Ready")) -> Not Ready | S80: Study Details Check | T80: =IFERROR(INDEX($W$3:$W$19,MATCH($S80,$V$3:$V$19,0)),TRUE()) -> TRUE
B81: Special Compound Preparations: All details/instructions are listed. | M81: =IF(NOT($T81),"☑","☐") -> ☐ | N81: =IF(NOT($T81),"N/A",IF($O81=TRUE(),"Ready","Not Ready")) -> Not Ready | S81: Study Details Check | T81: =IFERROR(INDEX($W$3:$W$19,MATCH($S81,$V$3:$V$19,0)),TRUE()) -> TRUE
B82: Procurement Needed: All details are listed. | M82: =IF(NOT($T82),"☑","☐") -> ☐ | N82: =IF(NOT($T82),"N/A",IF($O82=TRUE(),"Ready","Not Ready")) -> Not Ready | S82: Study Details Check | T82: =IFERROR(INDEX($W$3:$W$19,MATCH($S82,$V$3:$V$19,0)),TRUE()) -> TRUE
A83: 3 | B83: Special Instructions Section Completed | M83: =IF(NOT($T83),"☑","☐") -> ☐ | N83: =IF(NOT($T83),"N/A",IF($O83=TRUE(),"Ready","Not Ready")) -> Not Ready | S83: Study Details - Special Instructions | T83: =IFERROR(INDEX($W$3:$W$19,MATCH($S83,$V$3:$V$19,0)),TRUE()) -> TRUE
B84: Instructions for CMT are included. | M84: =IF(NOT($T84),"☑","☐") -> ☐ | N84: =IF(NOT($T84),"N/A",IF($O84=TRUE(),"Ready","Not Ready")) -> Not Ready | S84: Study Details - Special Instructions | T84: =IFERROR(INDEX($W$3:$W$19,MATCH($S84,$V$3:$V$19,0)),TRUE()) -> TRUE
B85: Instructions for lab ops are included, including notes from SD. | M85: =IF(NOT($T85),"☑","☐") -> ☐ | N85: =IF(NOT($T85),"N/A",IF($O85=TRUE(),"Ready","Not Ready")) -> Not Ready | S85: Study Details - Special Instructions | T85: =IFERROR(INDEX($W$3:$W$19,MATCH($S85,$V$3:$V$19,0)),TRUE()) -> TRUE
B86: If ICO, correct ICO instructions are included. | M86: =IF(NOT($T86),"☑","☐") -> ☐ | N86: =IF(NOT($T86),"N/A",IF($O86=TRUE(),"Ready","Not Ready")) -> Not Ready | S86: Study Details - Special Instructions | T86: =IFERROR(INDEX($W$3:$W$19,MATCH($S86,$V$3:$V$19,0)),TRUE()) -> TRUE
A87: Service Line Specific Checks | L87: Status | S87: Service Line Specific Checks | T87: =IFERROR(INDEX($W$3:$W$19,MATCH($S87,$V$3:$V$19,0)),TRUE()) -> TRUE
A88: ADME | L88: Done | M88: N/A | S88: ADME | T88: =IFERROR(INDEX($W$3:$W$19,MATCH($S88,$V$3:$V$19,0)),TRUE()) -> TRUE
A89: 1 | B89: Standard concentrations entered into CST unless otherwise approved. | M89: =IF(NOT($T89),"☑","☐") -> ☐ | N89: =IF(NOT($T89),"N/A",IF($O89=TRUE(),"Ready","Not Ready")) -> Not Ready | S89: ADME | T89: =IFERROR(INDEX($W$3:$W$19,MATCH($S89,$V$3:$V$19,0)),TRUE()) -> TRUE
A90: 2 | B90: If Bacterial Cytotoxicity: Test Concentrations Manually Added to CST. | M90: =IF(NOT($T90),"☑","☐") -> ☐ | N90: =IF(NOT($T90),"N/A",IF($O90=TRUE(),"Ready","Not Ready")) -> Not Ready | S90: ADME | T90: =IFERROR(INDEX($W$3:$W$19,MATCH($S90,$V$3:$V$19,0)),TRUE()) -> TRUE
A91: 3 | B91: If Thermodynamic Stability... | M91: =IF(NOT($T91),"☑","☐") -> ☐ | N91: =IF(NOT($T91),"N/A",IF($O91=TRUE(),"Ready","Not Ready")) -> Not Ready | S91: ADME | T91: =IFERROR(INDEX($W$3:$W$19,MATCH($S91,$V$3:$V$19,0)),TRUE()) -> TRUE
B92: Powder Compound Only (5mg) was received from client. | M92: =IF(NOT($T92),"☑","☐") -> ☐ | N92: =IF(NOT($T92),"N/A",IF($O92=TRUE(),"Ready","Not Ready")) -> Not Ready | S92: ADME | T92: =IFERROR(INDEX($W$3:$W$19,MATCH($S92,$V$3:$V$19,0)),TRUE()) -> TRUE
B93: Special Instructions Captured | M93: =IF(NOT($T93),"☑","☐") -> ☐ | N93: =IF(NOT($T93),"N/A",IF($O93=TRUE(),"Ready","Not Ready")) -> Not Ready | S93: ADME | T93: =IFERROR(INDEX($W$3:$W$19,MATCH($S93,$V$3:$V$19,0)),TRUE()) -> TRUE
A94: 4 | B94: If MetID Study: Compound Chemical Structure Received/Saved to Study Folder | M94: =IF(NOT($T94),"☑","☐") -> ☐ | N94: =IF(NOT($T94),"N/A",IF($O94=TRUE(),"Ready","Not Ready")) -> Not Ready | S94: ADME | T94: =IFERROR(INDEX($W$3:$W$19,MATCH($S94,$V$3:$V$19,0)),TRUE()) -> TRUE
A95: 5 | B95: If QBA Study (Replicates As Samples): Manifest of Samples Saved to Study Folder. | M95: =IF(NOT($T95),"☑","☐") -> ☐ | N95: =IF(NOT($T95),"N/A",IF($O95=TRUE(),"Ready","Not Ready")) -> Not Ready | S95: ADME | T95: =IFERROR(INDEX($W$3:$W$19,MATCH($S95,$V$3:$V$19,0)),TRUE()) -> TRUE
A96: Ion Channels | L96: Done | M96: N/A | S96: Ion Channels | T96: =IFERROR(INDEX($W$3:$W$19,MATCH($S96,$V$3:$V$19,0)),TRUE()) -> TRUE
A97: 1 | B97: If top test concentration is over 100 uM... | M97: =IF(NOT($T97),"☑","☐") -> ☐ | N97: =IF(NOT($T97),"N/A",IF($O97=TRUE(),"Ready","Not Ready")) -> Not Ready | S97: Ion Channels | T97: =IFERROR(INDEX($W$3:$W$19,MATCH($S97,$V$3:$V$19,0)),TRUE()) -> TRUE
B98: Approved by study director. | M98: =IF(NOT($T98),"☑","☐") -> ☐ | N98: =IF(NOT($T98),"N/A",IF($O98=TRUE(),"Ready","Not Ready")) -> Not Ready | S98: Ion Channels | T98: =IFERROR(INDEX($W$3:$W$19,MATCH($S98,$V$3:$V$19,0)),TRUE()) -> TRUE
B99: Confirmed by client as soluble in 300X DMSO or 100X water/buffer. | M99: =IF(NOT($T99),"☑","☐") -> ☐ | N99: =IF(NOT($T99),"N/A",IF($O99=TRUE(),"Ready","Not Ready")) -> Not Ready | S99: Ion Channels | T99: =IFERROR(INDEX($W$3:$W$19,MATCH($S99,$V$3:$V$19,0)),TRUE()) -> TRUE
A100: 2 | B100: If Express hERG... | M100: =IF(NOT($T100),"☑","☐") -> ☐ | N100: =IF(NOT($T100),"N/A",IF($O100=TRUE(),"Ready","Not Ready")) -> Not Ready | S100: Ion Channels | T100: =IFERROR(INDEX($W$3:$W$19,MATCH($S100,$V$3:$V$19,0)),TRUE()) -> TRUE
B101: (6 Point) Test concentrations are fixed at 30,10,3,1,0.3,0.1uM | M101: =IF(NOT($T101),"☑","☐") -> ☐ | N101: =IF(NOT($T101),"N/A",IF($O101=TRUE(),"Ready","Not Ready")) -> Not Ready | S101: Ion Channels | T101: =IFERROR(INDEX($W$3:$W$19,MATCH($S101,$V$3:$V$19,0)),TRUE()) -> TRUE
B102: (1 Point) Test concentration is fixed at 10uM | M102: =IF(NOT($T102),"☑","☐") -> ☐ | N102: =IF(NOT($T102),"N/A",IF($O102=TRUE(),"Ready","Not Ready")) -> Not Ready | S102: Ion Channels | T102: =IFERROR(INDEX($W$3:$W$19,MATCH($S102,$V$3:$V$19,0)),TRUE()) -> TRUE
B103: 5 Day TAT is captured in study details. | M103: =IF(NOT($T103),"☑","☐") -> ☐ | N103: =IF(NOT($T103),"N/A",IF($O103=TRUE(),"Ready","Not Ready")) -> Not Ready | S103: Ion Channels | T103: =IFERROR(INDEX($W$3:$W$19,MATCH($S103,$V$3:$V$19,0)),TRUE()) -> TRUE
...

Sheet Master Checklist
A3: Folder Processing Checklist | L3: Status
A4: Required Documents in Final Folder | L4: Done | M4: N/A | Q4: Drop Down | R4: Display
A5: 1 | B5: Copy of Quotation (Final Version) | N5: =IF(ISBLANK(O5)*ISBLANK(P5),"Not Ready",IF(AND(O5=FALSE(),P5=FALSE()),"Not Ready","Ready")) -> Not Ready | Q5: Report Only Study | R5: Required Documents in Final Folder
A6: 2 | B6: Copy of Formal Approval (PO, signed quote/SOW, CC or eCOM order email). | N6: =IF(ISBLANK(O6)*ISBLANK(P6),"Not Ready",IF(AND(O6=FALSE(),P6=FALSE()),"Not Ready","Ready")) -> Not Ready | R6: AX Processing Checklist
B7: If formal approval is a signed quote or SOW:
B8: CS has confirmed with client that NO PO will be required. | N8: =IF(ISBLANK(O8)*ISBLANK(P8),"Not Ready",IF(AND(O8=FALSE(),P8=FALSE()),"Not Ready","Ready")) -> Not Ready
B9: The relevant e-mail has been saved to study folder titled "Attn Finance". | N9: =IF(ISBLANK(O9)*ISBLANK(P9),"Not Ready",IF(AND(O9=FALSE(),P9=FALSE()),"Not Ready","Ready")) -> Not Ready | Q9: ADME | R9: All But Ion channel, BioMAP, Biomarker, Oncopanel, Biotherapeutics
B10: If PO is NEVER REQUIRED: eLIMs Client Specification has been created. | N10: =IF(ISBLANK(O10)*ISBLANK(P10),"Not Ready",IF(AND(O10=FALSE(),P10=FALSE()),"Not Ready","Ready")) -> Not Ready | Q10: Ion Channel | R10: All But ADME, BioMAP, Biomarker, Oncopanel, Biotherapeutics
A11: 3 | B11: Completed FINAL Digital Compound Submission Form (CSF) | N11: =IF(ISBLANK(O11)*ISBLANK(P11),"Not Ready",IF(AND(O11=FALSE(),P11=FALSE()),"Not Ready","Ready")) -> Not Ready | Q11: BioMAP | R11: All But ADME ,Ion channel, Biomarker, Oncopanel, Biotherapeutics
A12: 4 | B12: Record of FINAL Test Concentrations | N12: =IF(ISBLANK(O12)*ISBLANK(P12),"Not Ready",IF(AND(O12=FALSE(),P12=FALSE()),"Not Ready","Ready")) -> Not Ready | Q12: Biomarker | R12: All But ADME, Ion channel, BioMAP, Oncopanel, Biotherapeutics
B13: eCOM/ICPO Orders: Export of Compound Study Table (CST) Saved | N13: =IF(ISBLANK(O13)*ISBLANK(P13),"Not Ready",IF(AND(O13=FALSE(),P13=FALSE()),"Not Ready","Ready")) -> Not Ready | Q13: Oncopanel | R13: All But ADME, Ion channel, BioMAP, Biomarker, Biotherapeutics
B14: Other Order Types: Bottom Portion of CSF Completed | N14: =IF(ISBLANK(O14)*ISBLANK(P14),"Not Ready",IF(AND(O14=FALSE(),P14=FALSE()),"Not Ready","Ready")) -> Not Ready | Q14: Biotherapeutics | R14: All ButADME, Ion channel, BioMAP, Biomarker, Oncopanel
A15: 5 | B15: E-mail for Any Supporting Documentation or Special Instructions (If Applicable) | N15: =IF(ISBLANK(O15)*ISBLANK(P15),"Not Ready",IF(AND(O15=FALSE(),P15=FALSE()),"Not Ready","Ready")) -> Not Ready | Q15: ADME/Ion Channel | R15: All But BioMAP, Biomarker, Oncopanel, Biotherapeutics
A16: 6 | B16: Compound Check E-mail Saved: If In-House Compounds Being Screened | N16: =IF(ISBLANK(O16)*ISBLANK(P16),"Not Ready",IF(AND(O16=FALSE(),P16=FALSE()),"Not Ready","Ready")) -> Not Ready | Q16: ADME/Biomap | R16: All But Ion channel, Biomarker, Oncopanel, Biotherapeutics
A17: 7 | B17: Completed Study Details | N17: =IF(ISBLANK(O17)*ISBLANK(P17),"Not Ready",IF(AND(O17=FALSE(),P17=FALSE()),"Not Ready","Ready")) -> Not Ready
A18: 8 | B18: FINAL Study Plan (If Applicable) | N18: =IF(ISBLANK(O18)*ISBLANK(P18),"Not Ready",IF(AND(O18=FALSE(),P18=FALSE()),"Not Ready","Ready")) -> Not Ready
A19: 9 | B19: Prepayment Received, E-mail Saved (If Required) | N19: =IF(ISBLANK(O19)*ISBLANK(P19),"Not Ready",IF(AND(O19=FALSE(),P19=FALSE()),"Not Ready","Ready")) -> Not Ready
A21: AX Processing Checklist | L21: Status
A22: Order Confirmed | L22: Done | M22: N/A
A23: 1 | B23: Quote Confirmed to Sales Order | N23: =IF(ISBLANK(O23)*ISBLANK(P23),"Not Ready",IF(AND(O23=FALSE(),P23=FALSE()),"Not Ready","Ready")) -> Not Ready
A24: AX Header Setup | L24: Done | M24: N/A
A25: 1 | B25: Invoicing Contact is Correct ( See Purchase Order Check Section) | N25: =IF(ISBLANK(O25)*ISBLANK(P25),"Not Ready",IF(AND(O25=FALSE(),P25=FALSE()),"Not Ready","Ready")) -> Not Ready
B26: Set as 'Accounts Payable' (If Applicable - Check All eCommerce Orders) | N26: =IF(ISBLANK(O26)*ISBLANK(P26),"Not Ready",IF(AND(O26=FALSE(),P26=FALSE()),"Not Ready","Ready")) -> Not Ready
A27: 2 | B27: Form of Approval is in PO Field | N27: =IF(ISBLANK(O27)*ISBLANK(P27),"Not Ready",IF(AND(O27=FALSE(),P27=FALSE()),"Not Ready","Ready")) -> Not Ready
A28: 3 | B28: Study Director Assigned in AX | N28: =IF(ISBLANK(O28)*ISBLANK(P28),"Not Ready",IF(AND(O28=FALSE(),P28=FALSE()),"Not Ready","Ready")) -> Not Ready
A29: CT/CST Check | L29: Done | M29: N/A
A30: 1 | B30: Compound Table and Compound Study Table (CT/CST) Completed in AX | N30: =IF(ISBLANK(O30)*ISBLANK(P30),"Not Ready",IF(AND(O30=FALSE(),P30=FALSE()),"Not Ready","Ready")) -> Not Ready
B31: Specific Compound/Assay association (not all compounds will be tested in all assays), 2nd ck required Initials: | N31: =IF(ISBLANK(O31)*ISBLANK(P31),"Not Ready",IF(AND(O31=FALSE(),P31=FALSE()),"Not Ready","Ready")) -> Not Ready
A32: 2 | B32: Number of Compounds in CT/CST Matches Quote and Compound Submission Form | N32: =IF(ISBLANK(O32)*ISBLANK(P32),"Not Ready",IF(AND(O32=FALSE(),P32=FALSE()),"Not Ready","Ready")) -> Not Ready
A33: 3 | B33: Compound ID in CT/CST Matches Compound Submission Form | N33: =IF(ISBLANK(O33)*ISBLANK(P33),"Not Ready",IF(AND(O33=FALSE(),P33=FALSE()),"Not Ready","Ready")) -> Not Ready
A34: 4 | B34: Study Number in CT/CST Is Correct and Matches Sales Order | N34: =IF(ISBLANK(O34)*ISBLANK(P34),"Not Ready",IF(AND(O34=FALSE(),P34=FALSE()),"Not Ready","Ready")) -> Not Ready
A35: 5 | B35: Final Concentration(s) Listed in CST Match Lower Portion of CSF or Client E-mail. | N35: =IF(ISBLANK(O35)*ISBLANK(P35),"Not Ready",IF(AND(O35=FALSE(),P35=FALSE()),"Not Ready","Ready")) -> Not Ready
A36: 6 | B36: Number of Assay Lines in CST Matches Sales Order | N36: =IF(ISBLANK(O36)*ISBLANK(P36),"Not Ready",IF(AND(O36=FALSE(),P36=FALSE()),"Not Ready","Ready")) -> Not Ready
A38: Document Processing Checklist | L38: Status
A39: Purchase Order Check (Refer to SOP 11) PO Check-in must be be done on ALL US034 orders, whether created via eCommerce or by Lab P Client Services. | L39: Done | M39: N/A
A40: 1 | B40: Correct Eurofins Entity is Listed | N40: =IF(ISBLANK(O40)*ISBLANK(P40),"Not Ready",IF(AND(O40=FALSE(),P40=FALSE()),"Not Ready","Ready")) -> Not Ready
A41: 2 | B41: Client Business Address (Physical and E-mail) Matches AX | N41: =IF(ISBLANK(O41)*ISBLANK(P41),"Not Ready",IF(AND(O41=FALSE(),P41=FALSE()),"Not Ready","Ready")) -> Not Ready
B42: If Discrepant: CRM Updated, Contact Synced, AX Header Updated | N42: =IF(ISBLANK(O42)*ISBLANK(P42),"Not Ready",IF(AND(O42=FALSE(),P42=FALSE()),"Not Ready","Ready")) -> Not Ready
A43: 3 | B43: Client Invoicing Address (Physical and E-mail) Matches AX | N43: =IF(ISBLANK(O43)*ISBLANK(P43),"Not Ready",IF(AND(O43=FALSE(),P43=FALSE()),"Not Ready","Ready")) -> Not Ready
B44: If Discrepant: CRM Updated, Contact Synced, AX Header Updated | N44: =IF(ISBLANK(O44)*ISBLANK(P44),"Not Ready",IF(AND(O44=FALSE(),P44=FALSE()),"Not Ready","Ready")) -> Not Ready
A45: 4 | B45: PO Number in AX Exactly Matches Number on PO Document | N45: =IF(ISBLANK(O45)*ISBLANK(P45),"Not Ready",IF(AND(O45=FALSE(),P45=FALSE()),"Not Ready","Ready")) -> Not Ready
A46: 5 | B46: Value of PO Matches Sales Order Value | N46: =IF(ISBLANK(O46)*ISBLANK(P46),"Not Ready",IF(AND(O46=FALSE(),P46=FALSE()),"Not Ready","Ready")) -> Not Ready
A47: 6 | B47: Currency of PO Matches Sales Order | N47: =IF(ISBLANK(O47)*ISBLANK(P47),"Not Ready",IF(AND(O47=FALSE(),P47=FALSE()),"Not Ready","Ready")) -> Not Ready
A48: 7 | B48: Net Payment Terms of PO Match Client Payment Terms in eLIMS | N48: =IF(ISBLANK(O48)*ISBLANK(P48),"Not Ready",IF(AND(O48=FALSE(),P48=FALSE()),"Not Ready","Ready")) -> Not Ready
A49: Compound Submission Form Check | L49: Done | M49: N/A
B50: IF A PO# IS LISTED ON THE CSF BUT THE CLIENT HAS NOT PROVIDED A PO# ELSEWHERE, OR THE PO# DOES NOT MATCH eCOM ORDER/PO DOCUMENT, THEN CS MUST REACH OUT TO CUSTOMER FOR CLARIFICATION. | N50: =IF(ISBLANK(O50)*ISBLANK(P50),"Not Ready",IF(AND(O50=FALSE(),P50=FALSE()),"Not Ready","Ready")) -> Not Ready
A51: 1 | B51: Number of Compounds Matches Between CSF and Sales Order | N51: =IF(ISBLANK(O51)*ISBLANK(P51),"Not Ready",IF(AND(O51=FALSE(),P51=FALSE()),"Not Ready","Ready")) -> Not Ready
A52: 3 | B52: Formula Weight (g/mol) is Listed - Required for Solids | N52: =IF(ISBLANK(O52)*ISBLANK(P52),"Not Ready",IF(AND(O52=FALSE(),P52=FALSE()),"Not Ready","Ready")) -> Not Ready
A53: 4 | B53: Compound Weight/Exact Mass is Listed - Required for Solids | N53: =IF(ISBLANK(O53)*ISBLANK(P53),"Not Ready",IF(AND(O53=FALSE(),P53=FALSE()),"Not Ready","Ready")) -> Not Ready
A54: 5 | B54: Stock Concentration and Unit Listed - Required for Liquids | N54: =IF(ISBLANK(O54)*ISBLANK(P54),"Not Ready",IF(AND(O54=FALSE(),P54=FALSE()),"Not Ready","Ready")) -> Not Ready
A55: 6 | B55: Vehicle/Solvent (e.g. DMSO, PBS, H2O) Listed - Required for Liquids and BioMAP | N55: =IF(ISBLANK(O55)*ISBLANK(P55),"Not Ready",IF(AND(O55=FALSE(),P55=FALSE()),"Not Ready","Ready")) -> Not Ready
A56: 7 | B56: Volume Amount and Unit Listed - Required for Liquid Compounds | N56: =IF(ISBLANK(O56)*ISBLANK(P56),"Not Ready",IF(AND(O56=FALSE(),P56=FALSE()),"Not Ready","Ready")) -> Not Ready
A57: 8 | B57: Sufficient Amount of Compound Received | N57: =IF(ISBLANK(O57)*ISBLANK(P57),"Not Ready",IF(AND(O57=FALSE(),P57=FALSE()),"Not Ready","Ready")) -> Not Ready
B58: If uncertain of compound requirement (due to multiple assays, varying stock concentrations, etc), CMT has been consulted for amount needed. | N58: =IF(ISBLANK(O58)*ISBLANK(P58),"Not Ready",IF(AND(O58=FALSE(),P58=FALSE()),"Not Ready","Ready")) -> Not Ready
B59: Powder: Total amount listed accommodates all assays in the study, per the FINAL Sales Order in AX, and considers MW. | N59: =IF(ISBLANK(O59)*ISBLANK(P59),"Not Ready",IF(AND(O59=FALSE(),P59=FALSE()),"Not Ready","Ready")) -> Not Ready
B60: Liquid: Volume and stock conc. accommodates all assays in the study, per the FINAL Sales Order in AX. | N60: =IF(ISBLANK(O60)*ISBLANK(P60),"Not Ready",IF(AND(O60=FALSE(),P60=FALSE()),"Not Ready","Ready")) -> Not Ready
B61: Stock Concentration Supports Top Test Concentration | N61: =IF(ISBLANK(O61)*ISBLANK(P61),"Not Ready",IF(AND(O61=FALSE(),P61=FALSE()),"Not Ready","Ready")) -> Not Ready
B62: Stock Concentration Aligns With Service Line Requirement | N62: =IF(ISBLANK(O62)*ISBLANK(P62),"Not Ready",IF(AND(O62=FALSE(),P62=FALSE()),"Not Ready","Ready")) -> Not Ready
A63: 9 | B63: Plate/Rack Name/Vial Barcode Listed - Required for Plated Compounds | N63: =IF(ISBLANK(O63)*ISBLANK(P63),"Not Ready",IF(AND(O63=FALSE(),P63=FALSE()),"Not Ready","Ready")) -> Not Ready
A64: 10 | B64: Well ID Listed - Required for Plated Compounds | N64: =IF(ISBLANK(O64)*ISBLANK(P64),"Not Ready",IF(AND(O64=FALSE(),P64=FALSE()),"Not Ready","Ready")) -> Not Ready
A65: 11 | B65: Form of Compound Listed (e.g. Liquid, Powder, Oil) - Required for All Compounds | N65: =IF(ISBLANK(O65)*ISBLANK(P65),"Not Ready",IF(AND(O65=FALSE(),P65=FALSE()),"Not Ready","Ready")) -> Not Ready
A66: 12 | B66: Storage Condition Listed - Required for All Compounds | N66: =IF(ISBLANK(O66)*ISBLANK(P66),"Not Ready",IF(AND(O66=FALSE(),P66=FALSE()),"Not Ready","Ready")) -> Not Ready
A67: 13 | B67: Molecular Weight (g/mol, base form) is Listed - Required for ADME Services | N67: =IF(ISBLANK(O67)*ISBLANK(P67),"Not Ready",IF(AND(O67=FALSE(),P67=FALSE()),"Not Ready","Ready")) -> Not Ready
B68: MW is Not Higher than FW | N68: =IF(ISBLANK(O68)*ISBLANK(P68),"Not Ready",IF(AND(O68=FALSE(),P68=FALSE()),"Not Ready","Ready")) -> Not Ready
A69: 14 | B69: CSF Special Instructions Copied to Study Details | N69: =IF(ISBLANK(O69)*ISBLANK(P69),"Not Ready",IF(AND(O69=FALSE(),P69=FALSE()),"Not Ready","Ready")) -> Not Ready
B70: If Applicable: Reviewed/Approved by SD | N70: =IF(ISBLANK(O70)*ISBLANK(P70),"Not Ready",IF(AND(O70=FALSE(),P70=FALSE()),"Not Ready","Ready")) -> Not Ready
A71: 15 | B71: Test Concentrations Listed in Bottom Portion of CSF (Top Concentration or Full Range) | N71: =IF(ISBLANK(O71)*ISBLANK(P71),"Not Ready",IF(AND(O71=FALSE(),P71=FALSE()),"Not Ready","Ready")) -> Not Ready
B72: Listed Test Concentrations Match CT/CST or Client E-mail | N72: =IF(ISBLANK(O72)*ISBLANK(P72),"Not Ready",IF(AND(O72=FALSE(),P72=FALSE()),"Not Ready","Ready")) -> Not Ready
B73: Top Concentration AND Dilution Factor Listed, OR Full Range | N73: =IF(ISBLANK(O73)*ISBLANK(P73),"Not Ready",IF(AND(O73=FALSE(),P73=FALSE()),"Not Ready","Ready")) -> Not Ready
A75: Study Details Check | L75: Done | M75: N/A
A76: 1 | B76: Information Section Completed | N76: =IF(ISBLANK(O76)*ISBLANK(P76),"Not Ready",IF(AND(O76=FALSE(),P76=FALSE()),"Not Ready","Ready")) -> Not Ready
B77: Expedited TAT: Marked correctly and TAT time captured. | N77: =IF(ISBLANK(O77)*ISBLANK(P77),"Not Ready",IF(AND(O77=FALSE(),P77=FALSE()),"Not Ready","Ready")) -> Not Ready
A78: 2 | B78: Study Requirement Section Completed | N78: =IF(ISBLANK(O78)*ISBLANK(P78),"Not Ready",IF(AND(O78=FALSE(),P78=FALSE()),"Not Ready","Ready")) -> Not Ready
B79: Shipping to Other Locations: Details/locations are listed. | N79: =IF(ISBLANK(O79)*ISBLANK(P79),"Not Ready",IF(AND(O79=FALSE(),P79=FALSE()),"Not Ready","Ready")) -> Not Ready
B80: Compounds on Site: Compound IDs and previous study number is listed. | N80: =IF(ISBLANK(O80)*ISBLANK(P80),"Not Ready",IF(AND(O80=FALSE(),P80=FALSE()),"Not Ready","Ready")) -> Not Ready
B81: Special Compound Preparations: All details/instructions are listed. | N81: =IF(ISBLANK(O81)*ISBLANK(P81),"Not Ready",IF(AND(O81=FALSE(),P81=FALSE()),"Not Ready","Ready")) -> Not Ready
B82: Procurement Needed: All details are listed. | N82: =IF(ISBLANK(O82)*ISBLANK(P82),"Not Ready",IF(AND(O82=FALSE(),P82=FALSE()),"Not Ready","Ready")) -> Not Ready
A83: 3 | B83: Special Instructions Section Completed | N83: =IF(ISBLANK(O83)*ISBLANK(P83),"Not Ready",IF(AND(O83=FALSE(),P83=FALSE()),"Not Ready","Ready")) -> Not Ready
B84: Instructions for CMT are included. | N84: =IF(ISBLANK(O84)*ISBLANK(P84),"Not Ready",IF(AND(O84=FALSE(),P84=FALSE()),"Not Ready","Ready")) -> Not Ready
B85: Instructions for lab ops are included, including notes from SD. | N85: =IF(ISBLANK(O85)*ISBLANK(P85),"Not Ready",IF(AND(O85=FALSE(),P85=FALSE()),"Not Ready","Ready")) -> Not Ready
B86: If ICO, correct ICO instructions are included. | N86: =IF(ISBLANK(O86)*ISBLANK(P86),"Not Ready",IF(AND(O86=FALSE(),P86=FALSE()),"Not Ready","Ready")) -> Not Ready
A87: Service Line Specific Checks | L87: Status
A88: ADME | L88: Done | M88: N/A
A89: 1 | B89: Standard concentrations entered into CST unless otherwise approved. | N89: =IF(ISBLANK(O89)*ISBLANK(P89),"Not Ready",IF(AND(O89=FALSE(),P89=FALSE()),"Not Ready","Ready")) -> Not Ready
A90: 2 | B90: If Bacterial Cytotoxicity: Test Concentrations Manually Added to CST. | N90: =IF(ISBLANK(O90)*ISBLANK(P90),"Not Ready",IF(AND(O90=FALSE(),P90=FALSE()),"Not Ready","Ready")) -> Not Ready
A91: 3 | B91: If Thermodynamic Stability... | N91: =IF(ISBLANK(O91)*ISBLANK(P91),"Not Ready",IF(AND(O91=FALSE(),P91=FALSE()),"Not Ready","Ready")) -> Not Ready
B92: Powder Compound Only (5mg) was received from client. | N92: =IF(ISBLANK(O92)*ISBLANK(P92),"Not Ready",IF(AND(O92=FALSE(),P92=FALSE()),"Not Ready","Ready")) -> Not Ready
B93: Special Instructions Captured | N93: =IF(ISBLANK(O93)*ISBLANK(P93),"Not Ready",IF(AND(O93=FALSE(),P93=FALSE()),"Not Ready","Ready")) -> Not Ready
A94: 4 | B94: If MetID Study: Compound Chemical Structure Received/Saved to Study Folder | N94: =IF(ISBLANK(O94)*ISBLANK(P94),"Not Ready",IF(AND(O94=FALSE(),P94=FALSE()),"Not Ready","Ready")) -> Not Ready
A95: 5 | B95: If QBA Study (Replicates As Samples): Manifest of Samples Saved to Study Folder. | N95: =IF(ISBLANK(O95)*ISBLANK(P95),"Not Ready",IF(AND(O95=FALSE(),P95=FALSE()),"Not Ready","Ready")) -> Not Ready
A96: Ion Channels | L96: Done | M96: N/A
A97: 1 | B97: If top test concentration is over 100 uM... | N97: =IF(ISBLANK(O97)*ISBLANK(P97),"Not Ready",IF(AND(O97=FALSE(),P97=FALSE()),"Not Ready","Ready")) -> Not Ready
B98: Approved by study director. | N98: =IF(ISBLANK(O98)*ISBLANK(P98),"Not Ready",IF(AND(O98=FALSE(),P98=FALSE()),"Not Ready","Ready")) -> Not Ready
B99: Confirmed by client as soluble in 300X DMSO or 100X water/buffer. | N99: =IF(ISBLANK(O99)*ISBLANK(P99),"Not Ready",IF(AND(O99=FALSE(),P99=FALSE()),"Not Ready","Ready")) -> Not Ready
A100: 2 | B100: If Express hERG... | N100: =IF(ISBLANK(O100)*ISBLANK(P100),"Not Ready",IF(AND(O100=FALSE(),P100=FALSE()),"Not Ready","Ready")) -> Not Ready
B101: (6 Point) Test concentrations are fixed at 30,10,3,1,0.3,0.1uM | N101: =IF(ISBLANK(O101)*ISBLANK(P101),"Not Ready",IF(AND(O101=FALSE(),P101=FALSE()),"Not Ready","Ready")) -> Not Ready
B102: (1 Point) Test concentration is fixed at 10uM | N102: =IF(ISBLANK(O102)*ISBLANK(P102),"Not Ready",IF(AND(O102=FALSE(),P102=FALSE()),"Not Ready","Ready")) -> Not Ready
B103: 5 Day TAT is captured in study details. | N103: =IF(ISBLANK(O103)*ISBLANK(P103),"Not Ready",IF(AND(O103=FALSE(),P103=FALSE()),"Not Ready","Ready")) -> Not Ready
A104: 3 | B104: If CardiacProfiler, monthly run schedule has been shared with client. | N104: =IF(ISBLANK(O104)*ISBLANK(P104),"Not Ready",IF(AND(O104=FALSE(),P104=FALSE()),"Not Ready","Ready")) -> Not Ready
A105: BioMAP | L105: Done | M105: N/A
...

Sheet Configuration
A1: CONFIGURATION / MAPPING — edit here to change which sections show per study type
A2: Study Type | B2: Section | C2: Display (Yes/No) | D2: Notes / Needs Business Confirmation | F2: Key (auto) | H2: Study Type List (dropdown source)
A3: Report Only Study | B3: Folder Processing Checklist | C3: Yes | F3: Report Only Study|Folder Processing Checklist | H3: Report Only Study
A4: Report Only Study | B4: AX Processing Checklist | C4: Yes | F4: Report Only Study|AX Processing Checklist | H4: ADME
A5: Report Only Study | B5: CT/CST Check | C5: No | D5: Report Only: CT/CST check table set to N/A (report-only studies have no compounds/assays). | F5: Report Only Study|CT/CST Check | H5: Ion Channel
A6: Report Only Study | B6: Document Processing Checklist | C6: Yes | D6: Report Only: section shown because Purchase Order Check needs QC. | F6: Report Only Study|Document Processing Checklist | H6: BioMAP
A7: Report Only Study | B7: Purchase Order Check | C7: Yes | D7: Report Only: Purchase Order Check active for QC (per business). | F7: Report Only Study|Purchase Order Check | H7: Biomarker
A8: Report Only Study | B8: Compound Submission Form Check | C8: No | D8: Report Only: Compound Submission Form Check set to N/A (per business). | F8: Report Only Study|Compound Submission Form Check | H8: Oncopanel
A9: Report Only Study | B9: Study Details Check | C9: No | D9: Report Only: Study Details Check set to N/A (per business). | F9: Report Only Study|Study Details Check | H9: Biotherapeutics
A10: Report Only Study | B10: Study Details - Special Instructions | C10: Yes | D10: Report Only: Special Instructions (#3) kept active (per earlier business request). | F10: Report Only Study|Study Details - Special Instructions | H10: ADME/Ion Channel
A11: Report Only Study | B11: Service Line Specific Checks | C11: No | F11: Report Only Study|Service Line Specific Checks | H11: ADME/Biomap
A12: Report Only Study | B12: ADME | C12: No | F12: Report Only Study|ADME | H12: Other
A13: Report Only Study | B13: Ion Channels | C13: No | F13: Report Only Study|Ion Channels
A14: Report Only Study | B14: BioMAP | C14: No | F14: Report Only Study|BioMAP
A15: Report Only Study | B15: Biomarkers | C15: No | F15: Report Only Study|Biomarkers
A16: Report Only Study | B16: OncoPanel | C16: No | F16: Report Only Study|OncoPanel
A17: Report Only Study | B17: Biotherapeutics | C17: No | F17: Report Only Study|Biotherapeutics
A18: Report Only Study | B18: After Shipment Received | C18: No | F18: Report Only Study|After Shipment Received
A19: Report Only Study | B19: Comments/Notes | C19: Yes | F19: Report Only Study|Comments/Notes
A20: ADME | B20: Folder Processing Checklist | C20: Yes | F20: ADME|Folder Processing Checklist
A21: ADME | B21: AX Processing Checklist | C21: Yes | F21: ADME|AX Processing Checklist
A22: ADME | B22: CT/CST Check | C22: Yes | F22: ADME|CT/CST Check
A23: ADME | B23: Document Processing Checklist | C23: Yes | F23: ADME|Document Processing Checklist
A24: ADME | B24: Purchase Order Check | C24: Yes | F24: ADME|Purchase Order Check
... A155: ADME/Biomap | B155: Comments/Notes | C155: Yes | F155: ADME/Biomap|Comments/Notes
A156: Other | B156: Folder Processing Checklist | C156: Needs Confirmation | D156: Needs Business Confirmation: mapping for 'Other' not defined in transcript/existing file (shows all as safe default). | F156: Other|Folder Processing Checklist
A157: Other | B157: AX Processing Checklist | C157: Needs Confirmation | D157: Needs Business Confirmation: mapping for 'Other' not defined in transcript/existing file (shows all as safe default). | F157: Other|AX Processing Checklist
A158: Other | B158: CT/CST Check | C158: Needs Confirmation | D158: Needs Business Confirmation: mapping for 'Other' not defined in transcript/existing file (shows all as safe default). | F158: Other|CT/CST Check
A159: Other | B159: Document Processing Checklist | C159: Needs Confirmation | D159: Needs Business Confirmation: mapping for 'Other' not defined in transcript/existing file (shows all as safe default). | F159: Other|Document Processing Checklist
A160: Other | B160: Purchase Order Check | C160: Needs Confirmation | D160: Needs Business Confirmation: mapping for 'Other' not defined in transcript/existing file (shows all as safe default). | F160: Other|Purchase Order Check
A161: Other | B161: Compound Submission Form Check | C161: Needs Confirmation | D161: Needs Business Confirmation: mapping for 'Other' not defined in transcript/existing file (shows all as safe default). | F161: Other|Compound Submission Form Check
A162: Other | B162: Study Details Check | C162: Needs Confirmation | D162: Needs Business Confirmation: mapping for 'Other' not defined in transcript/existing file (shows all as safe default). | F162: Other|Study Details Check
A163: Other | B163: Study Details - Special Instructions | C163: Needs Confirmation | D163: Needs Business Confirmation: mapping for 'Other' not defined in transcript/existing file (shows all as safe default). | F163: Other|Study Details - Special Instructions
A164: Other | B164: Service Line Specific Checks | C164: Needs Confirmation | D164: Needs Business Confirmation: mapping for 'Other' not defined in transcript/existing file (shows all as safe default). | F164: Other|Service Line Specific Checks
A165: Other | B165: ADME | C165: Needs Confirmation | D165: Needs Business Confirmation: mapping for 'Other' not defined in transcript/existing file (shows all as safe default). | F165: Other|ADME
A166: Other | B166: Ion Channels | C166: Needs Confirmation | D166: Needs Business Confirmation: mapping for 'Other' not defined in transcript/existing file (shows all as safe default). | F166: Other|Ion Channels
A167: Other | B167: BioMAP | C167: Needs Confirmation | D167: Needs Business Confirmation: mapping for 'Other' not defined in transcript/existing file (shows all as safe default). | F167: Other|BioMAP
... A172: Other | B172: Comments/Notes | C172: Needs Confirmation | D172: Needs Business Confirmation: mapping for 'Other' not defined in transcript/existing file (shows all as safe default). | F172: Other|Comments/Notes
