Workbook

Sheet Study Checklist
A1: STUDY CHECKLIST — pick your study type, then complete only the sections shown | Q1: Sections for this selection
A2: Select Study Type / Service Line: | H2: =IF($D$2="","Select a study type to begin",IF(COUNTIF(N3:N136,"Not Ready")=0,"READY TO PROCEED","NOT READY — items still open")) -> Select a study type to begin | Q2: Section | R2: Show for selection?
A3: Folder Processing Checklist | L3: Status | Q3: Folder Processing Checklist | R3: =IF($D$2="","(select study type)",IFERROR(INDEX(Configuration!$C:$C,MATCH($D$2&"|"&Q3,Configuration!$F:$F,0)),"—")) -> (select study type) | S3: Folder Processing Checklist | T3: =IF($D$2="",TRUE(),IFERROR(INDEX(Configuration!$C:$C,MATCH($D$2&"|"&$S3,Configuration!$F:$F,0))<>"No",TRUE())) -> TRUE
A4: Required Documents in Final Folder | L4: Done | M4: N/A | Q4: AX Processing Checklist | R4: =IF($D$2="","(select study type)",IFERROR(INDEX(Configuration!$C:$C,MATCH($D$2&"|"&Q4,Configuration!$F:$F,0)),"—")) -> (select study type) | S4: Folder Processing Checklist | T4: =IF($D$2="",TRUE(),IFERROR(INDEX(Configuration!$C:$C,MATCH($D$2&"|"&$S4,Configuration!$F:$F,0))<>"No",TRUE())) -> TRUE
A5: 1 | B5: Copy of Quotation (Final Version) | N5: =IF(NOT($T5),"N/A",IF(OR($O5=TRUE(),$P5=TRUE()),"Ready","Not Ready")) -> Not Ready | P5: =IF(NOT($T5),TRUE(),FALSE()) -> FALSE | Q5: Document Processing Checklist | R5: =IF($D$2="","(select study type)",IFERROR(INDEX(Configuration!$C:$C,MATCH($D$2&"|"&Q5,Configuration!$F:$F,0)),"—")) -> (select study type) | S5: Folder Processing Checklist | T5: =IF($D$2="",TRUE(),IFERROR(INDEX(Configuration!$C:$C,MATCH($D$2&"|"&$S5,Configuration!$F:$F,0))<>"No",TRUE())) -> TRUE
A6: 2 | B6: Copy of Formal Approval (PO, signed quote/SOW, CC or eCOM order email). | N6: =IF(NOT($T6),"N/A",IF(OR($O6=TRUE(),$P6=TRUE()),"Ready","Not Ready")) -> Not Ready | P6: =IF(NOT($T6),TRUE(),FALSE()) -> FALSE | Q6: Service Line Specific Checks | R6: =IF($D$2="","(select study type)",IFERROR(INDEX(Configuration!$C:$C,MATCH($D$2&"|"&Q6,Configuration!$F:$F,0)),"—")) -> (select study type) | S6: Folder Processing Checklist | T6: =IF($D$2="",TRUE(),IFERROR(INDEX(Configuration!$C:$C,MATCH($D$2&"|"&$S6,Configuration!$F:$F,0))<>"No",TRUE())) -> TRUE
B7: If formal approval is a signed quote or SOW: | Q7: ADME | R7: =IF($D$2="","(select study type)",IFERROR(INDEX(Configuration!$C:$C,MATCH($D$2&"|"&Q7,Configuration!$F:$F,0)),"—")) -> (select study type) | S7: Folder Processing Checklist | T7: =IF($D$2="",TRUE(),IFERROR(INDEX(Configuration!$C:$C,MATCH($D$2&"|"&$S7,Configuration!$F:$F,0))<>"No",TRUE())) -> TRUE
B8: CS has confirmed with client that NO PO will be required. | N8: =IF(NOT($T8),"N/A",IF(OR($O8=TRUE(),$P8=TRUE()),"Ready","Not Ready")) -> Not Ready | P8: =IF(NOT($T8),TRUE(),FALSE()) -> FALSE | Q8: Ion Channels | R8: =IF($D$2="","(select study type)",IFERROR(INDEX(Configuration!$C:$C,MATCH($D$2&"|"&Q8,Configuration!$F:$F,0)),"—")) -> (select study type) | S8: Folder Processing Checklist | T8: =IF($D$2="",TRUE(),IFERROR(INDEX(Configuration!$C:$C,MATCH($D$2&"|"&$S8,Configuration!$F:$F,0))<>"No",TRUE())) -> TRUE
B9: The relevant e-mail has been saved to study folder titled "Attn Finance". | N9: =IF(NOT($T9),"N/A",IF(OR($O9=TRUE(),$P9=TRUE()),"Ready","Not Ready")) -> Not Ready | P9: =IF(NOT($T9),TRUE(),FALSE()) -> FALSE | Q9: BioMAP | R9: =IF($D$2="","(select study type)",IFERROR(INDEX(Configuration!$C:$C,MATCH($D$2&"|"&Q9,Configuration!$F:$F,0)),"—")) -> (select study type) | S9: Folder Processing Checklist | T9: =IF($D$2="",TRUE(),IFERROR(INDEX(Configuration!$C:$C,MATCH($D$2&"|"&$S9,Configuration!$F:$F,0))<>"No",TRUE())) -> TRUE
B10: If PO is NEVER REQUIRED: eLIMs Client Specification has been created. | N10: =IF(NOT($T10),"N/A",IF(OR($O10=TRUE(),$P10=TRUE()),"Ready","Not Ready")) -> Not Ready | P10: =IF(NOT($T10),TRUE(),FALSE()) -> FALSE | Q10: Biomarkers | R10: =IF($D$2="","(select study type)",IFERROR(INDEX(Configuration!$C:$C,MATCH($D$2&"|"&Q10,Configuration!$F:$F,0)),"—")) -> (select study type) | S10: Folder Processing Checklist | T10: =IF($D$2="",TRUE(),IFERROR(INDEX(Configuration!$C:$C,MATCH($D$2&"|"&$S10,Configuration!$F:$F,0))<>"No",TRUE())) -> TRUE
A11: 3 | B11: Completed FINAL Digital Compound Submission Form (CSF) | N11: =IF(NOT($T11),"N/A",IF(OR($O11=TRUE(),$P11=TRUE()),"Ready","Not Ready")) -> Not Ready | P11: =IF(NOT($T11),TRUE(),FALSE()) -> FALSE | Q11: OncoPanel | R11: =IF($D$2="","(select study type)",IFERROR(INDEX(Configuration!$C:$C,MATCH($D$2&"|"&Q11,Configuration!$F:$F,0)),"—")) -> (select study type) | S11: Folder Processing Checklist | T11: =IF($D$2="",TRUE(),IFERROR(INDEX(Configuration!$C:$C,MATCH($D$2&"|"&$S11,Configuration!$F:$F,0))<>"No",TRUE())) -> TRUE
A12: 4 | B12: Record of FINAL Test Concentrations | N12: =IF(NOT($T12),"N/A",IF(OR($O12=TRUE(),$P12=TRUE()),"Ready","Not Ready")) -> Not Ready | P12: =IF(NOT($T12),TRUE(),FALSE()) -> FALSE | Q12: Biotherapeutics | R12: =IF($D$2="","(select study type)",IFERROR(INDEX(Configuration!$C:$C,MATCH($D$2&"|"&Q12,Configuration!$F:$F,0)),"—")) -> (select study type) | S12: Folder Processing Checklist | T12: =IF($D$2="",TRUE(),IFERROR(INDEX(Configuration!$C:$C,MATCH($D$2&"|"&$S12,Configuration!$F:$F,0))<>"No",TRUE())) -> TRUE
B13: eCOM/ICPO Orders: Export of Compound Study Table (CST) Saved | N13: =IF(NOT($T13),"N/A",IF(OR($O13=TRUE(),$P13=TRUE()),"Ready","Not Ready")) -> Not Ready | P13: =IF(NOT($T13),TRUE(),FALSE()) -> FALSE | Q13: After Shipment Received | R13: =IF($D$2="","(select study type)",IFERROR(INDEX(Configuration!$C:$C,MATCH($D$2&"|"&Q13,Configuration!$F:$F,0)),"—")) -> (select study type) | S13: Folder Processing Checklist | T13: =IF($D$2="",TRUE(),IFERROR(INDEX(Configuration!$C:$C,MATCH($D$2&"|"&$S13,Configuration!$F:$F,0))<>"No",TRUE())) -> TRUE
B14: Other Order Types: Bottom Portion of CSF Completed | N14: =IF(NOT($T14),"N/A",IF(OR($O14=TRUE(),$P14=TRUE()),"Ready","Not Ready")) -> Not Ready | P14: =IF(NOT($T14),TRUE(),FALSE()) -> FALSE | Q14: Comments/Notes | R14: =IF($D$2="","(select study type)",IFERROR(INDEX(Configuration!$C:$C,MATCH($D$2&"|"&Q14,Configuration!$F:$F,0)),"—")) -> (select study type) | S14: Folder Processing Checklist | T14: =IF($D$2="",TRUE(),IFERROR(INDEX(Configuration!$C:$C,MATCH($D$2&"|"&$S14,Configuration!$F:$F,0))<>"No",TRUE())) -> TRUE
A15: 5 | B15: E-mail for Any Supporting Documentation or Special Instructions (If Applicable) | N15: =IF(NOT($T15),"N/A",IF(OR($O15=TRUE(),$P15=TRUE()),"Ready","Not Ready")) -> Not Ready | P15: =IF(NOT($T15),TRUE(),FALSE()) -> FALSE | S15: Folder Processing Checklist | T15: =IF($D$2="",TRUE(),IFERROR(INDEX(Configuration!$C:$C,MATCH($D$2&"|"&$S15,Configuration!$F:$F,0))<>"No",TRUE())) -> TRUE
A16: 6 | B16: Compound Check E-mail Saved: If In-House Compounds Being Screened | N16: =IF(NOT($T16),"N/A",IF(OR($O16=TRUE(),$P16=TRUE()),"Ready","Not Ready")) -> Not Ready | P16: =IF(NOT($T16),TRUE(),FALSE()) -> FALSE | S16: Folder Processing Checklist | T16: =IF($D$2="",TRUE(),IFERROR(INDEX(Configuration!$C:$C,MATCH($D$2&"|"&$S16,Configuration!$F:$F,0))<>"No",TRUE())) -> TRUE
A17: 7 | B17: Completed Study Details | N17: =IF(NOT($T17),"N/A",IF(OR($O17=TRUE(),$P17=TRUE()),"Ready","Not Ready")) -> Not Ready | P17: =IF(NOT($T17),TRUE(),FALSE()) -> FALSE | S17: Folder Processing Checklist | T17: =IF($D$2="",TRUE(),IFERROR(INDEX(Configuration!$C:$C,MATCH($D$2&"|"&$S17,Configuration!$F:$F,0))<>"No",TRUE())) -> TRUE
A18: 8 | B18: FINAL Study Plan (If Applicable) | N18: =IF(NOT($T18),"N/A",IF(OR($O18=TRUE(),$P18=TRUE()),"Ready","Not Ready")) -> Not Ready | P18: =IF(NOT($T18),TRUE(),FALSE()) -> FALSE | S18: Folder Processing Checklist | T18: =IF($D$2="",TRUE(),IFERROR(INDEX(Configuration!$C:$C,MATCH($D$2&"|"&$S18,Configuration!$F:$F,0))<>"No",TRUE())) -> TRUE
A19: 9 | B19: Prepayment Received, E-mail Saved (If Required) | N19: =IF(NOT($T19),"N/A",IF(OR($O19=TRUE(),$P19=TRUE()),"Ready","Not Ready")) -> Not Ready | P19: =IF(NOT($T19),TRUE(),FALSE()) -> FALSE | S19: Folder Processing Checklist | T19: =IF($D$2="",TRUE(),IFERROR(INDEX(Configuration!$C:$C,MATCH($D$2&"|"&$S19,Configuration!$F:$F,0))<>"No",TRUE())) -> TRUE
A21: AX Processing Checklist | L21: Status | S21: AX Processing Checklist | T21: =IF($D$2="",TRUE(),IFERROR(INDEX(Configuration!$C:$C,MATCH($D$2&"|"&$S21,Configuration!$F:$F,0))<>"No",TRUE())) -> TRUE
A22: Order Confirmed | L22: Done | M22: N/A | S22: AX Processing Checklist | T22: =IF($D$2="",TRUE(),IFERROR(INDEX(Configuration!$C:$C,MATCH($D$2&"|"&$S22,Configuration!$F:$F,0))<>"No",TRUE())) -> TRUE
A23: 1 | B23: Quote Confirmed to Sales Order | N23: =IF(NOT($T23),"N/A",IF(OR($O23=TRUE(),$P23=TRUE()),"Ready","Not Ready")) -> Not Ready | P23: =IF(NOT($T23),TRUE(),FALSE()) -> FALSE | S23: AX Processing Checklist | T23: =IF($D$2="",TRUE(),IFERROR(INDEX(Configuration!$C:$C,MATCH($D$2&"|"&$S23,Configuration!$F:$F,0))<>"No",TRUE())) -> TRUE
A24: AX Header Setup | L24: Done | M24: N/A | S24: AX Processing Checklist | T24: =IF($D$2="",TRUE(),IFERROR(INDEX(Configuration!$C:$C,MATCH($D$2&"|"&$S24,Configuration!$F:$F,0))<>"No",TRUE())) -> TRUE
A25: 1 | B25: Invoicing Contact is Correct ( See Purchase Order Check Section) | N25: =IF(NOT($T25),"N/A",IF(OR($O25=TRUE(),$P25=TRUE()),"Ready","Not Ready")) -> Not Ready | P25: =IF(NOT($T25),TRUE(),FALSE()) -> FALSE | S25: AX Processing Checklist | T25: =IF($D$2="",TRUE(),IFERROR(INDEX(Configuration!$C:$C,MATCH($D$2&"|"&$S25,Configuration!$F:$F,0))<>"No",TRUE())) -> TRUE
B26: Set as 'Accounts Payable' (If Applicable - Check All eCommerce Orders) | N26: =IF(NOT($T26),"N/A",IF(OR($O26=TRUE(),$P26=TRUE()),"Ready","Not Ready")) -> Not Ready | P26: =IF(NOT($T26),TRUE(),FALSE()) -> FALSE | S26: AX Processing Checklist | T26: =IF($D$2="",TRUE(),IFERROR(INDEX(Configuration!$C:$C,MATCH($D$2&"|"&$S26,Configuration!$F:$F,0))<>"No",TRUE())) -> TRUE
A27: 2 | B27: Form of Approval is in PO Field | N27: =IF(NOT($T27),"N/A",IF(OR($O27=TRUE(),$P27=TRUE()),"Ready","Not Ready")) -> Not Ready | P27: =IF(NOT($T27),TRUE(),FALSE()) -> FALSE | S27: AX Processing Checklist | T27: =IF($D$2="",TRUE(),IFERROR(INDEX(Configuration!$C:$C,MATCH($D$2&"|"&$S27,Configuration!$F:$F,0))<>"No",TRUE())) -> TRUE
A28: 3 | B28: Study Director Assigned in AX | N28: =IF(NOT($T28),"N/A",IF(OR($O28=TRUE(),$P28=TRUE()),"Ready","Not Ready")) -> Not Ready | P28: =IF(NOT($T28),TRUE(),FALSE()) -> FALSE | S28: AX Processing Checklist | T28: =IF($D$2="",TRUE(),IFERROR(INDEX(Configuration!$C:$C,MATCH($D$2&"|"&$S28,Configuration!$F:$F,0))<>"No",TRUE())) -> TRUE
A29: CT/CST Check | L29: Done | M29: N/A | S29: AX Processing Checklist | T29: =IF($D$2="",TRUE(),IFERROR(INDEX(Configuration!$C:$C,MATCH($D$2&"|"&$S29,Configuration!$F:$F,0))<>"No",TRUE())) -> TRUE
A30: 1 | B30: Compound Table and Compound Study Table (CT/CST) Completed in AX | N30: =IF(NOT($T30),"N/A",IF(OR($O30=TRUE(),$P30=TRUE()),"Ready","Not Ready")) -> Not Ready | P30: =IF(NOT($T30),TRUE(),FALSE()) -> FALSE | S30: AX Processing Checklist | T30: =IF($D$2="",TRUE(),IFERROR(INDEX(Configuration!$C:$C,MATCH($D$2&"|"&$S30,Configuration!$F:$F,0))<>"No",TRUE())) -> TRUE
B31: Specific Compound/Assay association (not all compounds will be tested in all assays), 2nd ck required Initials: | N31: =IF(NOT($T31),"N/A",IF(OR($O31=TRUE(),$P31=TRUE()),"Ready","Not Ready")) -> Not Ready | P31: =IF(NOT($T31),TRUE(),FALSE()) -> FALSE | S31: AX Processing Checklist | T31: =IF($D$2="",TRUE(),IFERROR(INDEX(Configuration!$C:$C,MATCH($D$2&"|"&$S31,Configuration!$F:$F,0))<>"No",TRUE())) -> TRUE
A32: 2 | B32: Number of Compounds in CT/CST Matches Quote and Compound Submission Form | N32: =IF(NOT($T32),"N/A",IF(OR($O32=TRUE(),$P32=TRUE()),"Ready","Not Ready")) -> Not Ready | P32: =IF(NOT($T32),TRUE(),FALSE()) -> FALSE | S32: AX Processing Checklist | T32: =IF($D$2="",TRUE(),IFERROR(INDEX(Configuration!$C:$C,MATCH($D$2&"|"&$S32,Configuration!$F:$F,0))<>"No",TRUE())) -> TRUE
A33: 3 | B33: Compound ID in CT/CST Matches Compound Submission Form | N33: =IF(NOT($T33),"N/A",IF(OR($O33=TRUE(),$P33=TRUE()),"Ready","Not Ready")) -> Not Ready | P33: =IF(NOT($T33),TRUE(),FALSE()) -> FALSE | S33: AX Processing Checklist | T33: =IF($D$2="",TRUE(),IFERROR(INDEX(Configuration!$C:$C,MATCH($D$2&"|"&$S33,Configuration!$F:$F,0))<>"No",TRUE())) -> TRUE
A34: 4 | B34: Study Number in CT/CST Is Correct and Matches Sales Order | N34: =IF(NOT($T34),"N/A",IF(OR($O34=TRUE(),$P34=TRUE()),"Ready","Not Ready")) -> Not Ready | P34: =IF(NOT($T34),TRUE(),FALSE()) -> FALSE | S34: AX Processing Checklist | T34: =IF($D$2="",TRUE(),IFERROR(INDEX(Configuration!$C:$C,MATCH($D$2&"|"&$S34,Configuration!$F:$F,0))<>"No",TRUE())) -> TRUE
A35: 5 | B35: Final Concentration(s) Listed in CST Match Lower Portion of CSF or Client E-mail. | N35: =IF(NOT($T35),"N/A",IF(OR($O35=TRUE(),$P35=TRUE()),"Ready","Not Ready")) -> Not Ready | P35: =IF(NOT($T35),TRUE(),FALSE()) -> FALSE | S35: AX Processing Checklist | T35: =IF($D$2="",TRUE(),IFERROR(INDEX(Configuration!$C:$C,MATCH($D$2&"|"&$S35,Configuration!$F:$F,0))<>"No",TRUE())) -> TRUE
A36: 6 | B36: Number of Assay Lines in CST Matches Sales Order | N36: =IF(NOT($T36),"N/A",IF(OR($O36=TRUE(),$P36=TRUE()),"Ready","Not Ready")) -> Not Ready | P36: =IF(NOT($T36),TRUE(),FALSE()) -> FALSE | S36: AX Processing Checklist | T36: =IF($D$2="",TRUE(),IFERROR(INDEX(Configuration!$C:$C,MATCH($D$2&"|"&$S36,Configuration!$F:$F,0))<>"No",TRUE())) -> TRUE
A38: Document Processing Checklist | L38: Status | S38: Document Processing Checklist | T38: =IF($D$2="",TRUE(),IFERROR(INDEX(Configuration!$C:$C,MATCH($D$2&"|"&$S38,Configuration!$F:$F,0))<>"No",TRUE())) -> TRUE
A39: Purchase Order Check (Refer to SOP 11) PO Check-in must be be done on ALL US034 orders, whether created via eCommerce or by Lab P Client Services. | L39: Done | M39: N/A | S39: Document Processing Checklist | T39: =IF($D$2="",TRUE(),IFERROR(INDEX(Configuration!$C:$C,MATCH($D$2&"|"&$S39,Configuration!$F:$F,0))<>"No",TRUE())) -> TRUE
A40: 1 | B40: Correct Eurofins Entity is Listed | N40: =IF(NOT($T40),"N/A",IF(OR($O40=TRUE(),$P40=TRUE()),"Ready","Not Ready")) -> Not Ready | P40: =IF(NOT($T40),TRUE(),FALSE()) -> FALSE | S40: Document Processing Checklist | T40: =IF($D$2="",TRUE(),IFERROR(INDEX(Configuration!$C:$C,MATCH($D$2&"|"&$S40,Configuration!$F:$F,0))<>"No",TRUE())) -> TRUE
A41: 2 | B41: Client Business Address (Physical and E-mail) Matches AX | N41: =IF(NOT($T41),"N/A",IF(OR($O41=TRUE(),$P41=TRUE()),"Ready","Not Ready")) -> Not Ready | P41: =IF(NOT($T41),TRUE(),FALSE()) -> FALSE | S41: Document Processing Checklist | T41: =IF($D$2="",TRUE(),IFERROR(INDEX(Configuration!$C:$C,MATCH($D$2&"|"&$S41,Configuration!$F:$F,0))<>"No",TRUE())) -> TRUE
B42: If Discrepant: CRM Updated, Contact Synced, AX Header Updated | N42: =IF(NOT($T42),"N/A",IF(OR($O42=TRUE(),$P42=TRUE()),"Ready","Not Ready")) -> Not Ready | P42: =IF(NOT($T42),TRUE(),FALSE()) -> FALSE | S42: Document Processing Checklist | T42: =IF($D$2="",TRUE(),IFERROR(INDEX(Configuration!$C:$C,MATCH($D$2&"|"&$S42,Configuration!$F:$F,0))<>"No",TRUE())) -> TRUE
A43: 3 | B43: Client Invoicing Address (Physical and E-mail) Matches AX | N43: =IF(NOT($T43),"N/A",IF(OR($O43=TRUE(),$P43=TRUE()),"Ready","Not Ready")) -> Not Ready | P43: =IF(NOT($T43),TRUE(),FALSE()) -> FALSE | S43: Document Processing Checklist | T43: =IF($D$2="",TRUE(),IFERROR(INDEX(Configuration!$C:$C,MATCH($D$2&"|"&$S43,Configuration!$F:$F,0))<>"No",TRUE())) -> TRUE
B44: If Discrepant: CRM Updated, Contact Synced, AX Header Updated | N44: =IF(NOT($T44),"N/A",IF(OR($O44=TRUE(),$P44=TRUE()),"Ready","Not Ready")) -> Not Ready | P44: =IF(NOT($T44),TRUE(),FALSE()) -> FALSE | S44: Document Processing Checklist | T44: =IF($D$2="",TRUE(),IFERROR(INDEX(Configuration!$C:$C,MATCH($D$2&"|"&$S44,Configuration!$F:$F,0))<>"No",TRUE())) -> TRUE
A45: 4 | B45: PO Number in AX Exactly Matches Number on PO Document | N45: =IF(NOT($T45),"N/A",IF(OR($O45=TRUE(),$P45=TRUE()),"Ready","Not Ready")) -> Not Ready | P45: =IF(NOT($T45),TRUE(),FALSE()) -> FALSE | S45: Document Processing Checklist | T45: =IF($D$2="",TRUE(),IFERROR(INDEX(Configuration!$C:$C,MATCH($D$2&"|"&$S45,Configuration!$F:$F,0))<>"No",TRUE())) -> TRUE
A46: 5 | B46: Value of PO Matches Sales Order Value | N46: =IF(NOT($T46),"N/A",IF(OR($O46=TRUE(),$P46=TRUE()),"Ready","Not Ready")) -> Not Ready | P46: =IF(NOT($T46),TRUE(),FALSE()) -> FALSE | S46: Document Processing Checklist | T46: =IF($D$2="",TRUE(),IFERROR(INDEX(Configuration!$C:$C,MATCH($D$2&"|"&$S46,Configuration!$F:$F,0))<>"No",TRUE())) -> TRUE
A47: 6 | B47: Currency of PO Matches Sales Order | N47: =IF(NOT($T47),"N/A",IF(OR($O47=TRUE(),$P47=TRUE()),"Ready","Not Ready")) -> Not Ready | P47: =IF(NOT($T47),TRUE(),FALSE()) -> FALSE | S47: Document Processing Checklist | T47: =IF($D$2="",TRUE(),IFERROR(INDEX(Configuration!$C:$C,MATCH($D$2&"|"&$S47,Configuration!$F:$F,0))<>"No",TRUE())) -> TRUE
A48: 7 | B48: Net Payment Terms of PO Match Client Payment Terms in eLIMS | N48: =IF(NOT($T48),"N/A",IF(OR($O48=TRUE(),$P48=TRUE()),"Ready","Not Ready")) -> Not Ready | P48: =IF(NOT($T48),TRUE(),FALSE()) -> FALSE | S48: Document Processing Checklist | T48: =IF($D$2="",TRUE(),IFERROR(INDEX(Configuration!$C:$C,MATCH($D$2&"|"&$S48,Configuration!$F:$F,0))<>"No",TRUE())) -> TRUE
A49: Compound Submission Form Check | L49: Done | M49: N/A | S49: Document Processing Checklist | T49: =IF($D$2="",TRUE(),IFERROR(INDEX(Configuration!$C:$C,MATCH($D$2&"|"&$S49,Configuration!$F:$F,0))<>"No",TRUE())) -> TRUE
B50: IF A PO# IS LISTED ON THE CSF BUT THE CLIENT HAS NOT PROVIDED A PO# ELSEWHERE, OR THE PO# DOES NOT MATCH eCOM ORDER/PO DOCUMENT, THEN CS MUST REACH OUT TO CUSTOMER FOR CLARIFICATION. | N50: =IF(NOT($T50),"N/A",IF(OR($O50=TRUE(),$P50=TRUE()),"Ready","Not Ready")) -> Not Ready | P50: =IF(NOT($T50),TRUE(),FALSE()) -> FALSE | S50: Document Processing Checklist | T50: =IF($D$2="",TRUE(),IFERROR(INDEX(Configuration!$C:$C,MATCH($D$2&"|"&$S50,Configuration!$F:$F,0))<>"No",TRUE())) -> TRUE
A51: 1 | B51: Number of Compounds Matches Between CSF and Sales Order | N51: =IF(NOT($T51),"N/A",IF(OR($O51=TRUE(),$P51=TRUE()),"Ready","Not Ready")) -> Not Ready | P51: =IF(NOT($T51),TRUE(),FALSE()) -> FALSE | S51: Document Processing Checklist | T51: =IF($D$2="",TRUE(),IFERROR(INDEX(Configuration!$C:$C,MATCH($D$2&"|"&$S51,Configuration!$F:$F,0))<>"No",TRUE())) -> TRUE
A52: 3 | B52: Formula Weight (g/mol) is Listed - Required for Solids | N52: =IF(NOT($T52),"N/A",IF(OR($O52=TRUE(),$P52=TRUE()),"Ready","Not Ready")) -> Not Ready | P52: =IF(NOT($T52),TRUE(),FALSE()) -> FALSE | S52: Document Processing Checklist | T52: =IF($D$2="",TRUE(),IFERROR(INDEX(Configuration!$C:$C,MATCH($D$2&"|"&$S52,Configuration!$F:$F,0))<>"No",TRUE())) -> TRUE
A53: 4 | B53: Compound Weight/Exact Mass is Listed - Required for Solids | N53: =IF(NOT($T53),"N/A",IF(OR($O53=TRUE(),$P53=TRUE()),"Ready","Not Ready")) -> Not Ready | P53: =IF(NOT($T53),TRUE(),FALSE()) -> FALSE | S53: Document Processing Checklist | T53: =IF($D$2="",TRUE(),IFERROR(INDEX(Configuration!$C:$C,MATCH($D$2&"|"&$S53,Configuration!$F:$F,0))<>"No",TRUE())) -> TRUE
A54: 5 | B54: Stock Concentration and Unit Listed - Required for Liquids | N54: =IF(NOT($T54),"N/A",IF(OR($O54=TRUE(),$P54=TRUE()),"Ready","Not Ready")) -> Not Ready | P54: =IF(NOT($T54),TRUE(),FALSE()) -> FALSE | S54: Document Processing Checklist | T54: =IF($D$2="",TRUE(),IFERROR(INDEX(Configuration!$C:$C,MATCH($D$2&"|"&$S54,Configuration!$F:$F,0))<>"No",TRUE())) -> TRUE
A55: 6 | B55: Vehicle/Solvent (e.g. DMSO, PBS, H2O) Listed - Required for Liquids and BioMAP | N55: =IF(NOT($T55),"N/A",IF(OR($O55=TRUE(),$P55=TRUE()),"Ready","Not Ready")) -> Not Ready | P55: =IF(NOT($T55),TRUE(),FALSE()) -> FALSE | S55: Document Processing Checklist | T55: =IF($D$2="",TRUE(),IFERROR(INDEX(Configuration!$C:$C,MATCH($D$2&"|"&$S55,Configuration!$F:$F,0))<>"No",TRUE())) -> TRUE
A56: 7 | B56: Volume Amount and Unit Listed - Required for Liquid Compounds | N56: =IF(NOT($T56),"N/A",IF(OR($O56=TRUE(),$P56=TRUE()),"Ready","Not Ready")) -> Not Ready | P56: =IF(NOT($T56),TRUE(),FALSE()) -> FALSE | S56: Document Processing Checklist | T56: =IF($D$2="",TRUE(),IFERROR(INDEX(Configuration!$C:$C,MATCH($D$2&"|"&$S56,Configuration!$F:$F,0))<>"No",TRUE())) -> TRUE
A57: 8 | B57: Sufficient Amount of Compound Received | N57: =IF(NOT($T57),"N/A",IF(OR($O57=TRUE(),$P57=TRUE()),"Ready","Not Ready")) -> Not Ready | P57: =IF(NOT($T57),TRUE(),FALSE()) -> FALSE | S57: Document Processing Checklist | T57: =IF($D$2="",TRUE(),IFERROR(INDEX(Configuration!$C:$C,MATCH($D$2&"|"&$S57,Configuration!$F:$F,0))<>"No",TRUE())) -> TRUE
B58: If uncertain of compound requirement (due to multiple assays, varying stock concentrations, etc), CMT has been consulted for amount needed. | N58: =IF(NOT($T58),"N/A",IF(OR($O58=TRUE(),$P58=TRUE()),"Ready","Not Ready")) -> Not Ready | P58: =IF(NOT($T58),TRUE(),FALSE()) -> FALSE | S58: Document Processing Checklist | T58: =IF($D$2="",TRUE(),IFERROR(INDEX(Configuration!$C:$C,MATCH($D$2&"|"&$S58,Configuration!$F:$F,0))<>"No",TRUE())) -> TRUE
B59: Powder: Total amount listed accommodates all assays in the study, per the FINAL Sales Order in AX, and considers MW. | N59: =IF(NOT($T59),"N/A",IF(OR($O59=TRUE(),$P59=TRUE()),"Ready","Not Ready")) -> Not Ready | P59: =IF(NOT($T59),TRUE(),FALSE()) -> FALSE | S59: Document Processing Checklist | T59: =IF($D$2="",TRUE(),IFERROR(INDEX(Configuration!$C:$C,MATCH($D$2&"|"&$S59,Configuration!$F:$F,0))<>"No",TRUE())) -> TRUE
B60: Liquid: Volume and stock conc. accommodates all assays in the study, per the FINAL Sales Order in AX. | N60: =IF(NOT($T60),"N/A",IF(OR($O60=TRUE(),$P60=TRUE()),"Ready","Not Ready")) -> Not Ready | P60: =IF(NOT($T60),TRUE(),FALSE()) -> FALSE | S60: Document Processing Checklist | T60: =IF($D$2="",TRUE(),IFERROR(INDEX(Configuration!$C:$C,MATCH($D$2&"|"&$S60,Configuration!$F:$F,0))<>"No",TRUE())) -> TRUE
B61: Stock Concentration Supports Top Test Concentration | N61: =IF(NOT($T61),"N/A",IF(OR($O61=TRUE(),$P61=TRUE()),"Ready","Not Ready")) -> Not Ready | P61: =IF(NOT($T61),TRUE(),FALSE()) -> FALSE | S61: Document Processing Checklist | T61: =IF($D$2="",TRUE(),IFERROR(INDEX(Configuration!$C:$C,MATCH($D$2&"|"&$S61,Configuration!$F:$F,0))<>"No",TRUE())) -> TRUE
B62: Stock Concentration Aligns With Service Line Requirement | N62: =IF(NOT($T62),"N/A",IF(OR($O62=TRUE(),$P62=TRUE()),"Ready","Not Ready")) -> Not Ready | P62: =IF(NOT($T62),TRUE(),FALSE()) -> FALSE | S62: Document Processing Checklist | T62: =IF($D$2="",TRUE(),IFERROR(INDEX(Configuration!$C:$C,MATCH($D$2&"|"&$S62,Configuration!$F:$F,0))<>"No",TRUE())) -> TRUE
A63: 9 | B63: Plate/Rack Name/Vial Barcode Listed - Required for Plated Compounds | N63: =IF(NOT($T63),"N/A",IF(OR($O63=TRUE(),$P63=TRUE()),"Ready","Not Ready")) -> Not Ready | P63: =IF(NOT($T63),TRUE(),FALSE()) -> FALSE | S63: Document Processing Checklist | T63: =IF($D$2="",TRUE(),IFERROR(INDEX(Configuration!$C:$C,MATCH($D$2&"|"&$S63,Configuration!$F:$F,0))<>"No",TRUE())) -> TRUE
A64: 10 | B64: Well ID Listed - Required for Plated Compounds | N64: =IF(NOT($T64),"N/A",IF(OR($O64=TRUE(),$P64=TRUE()),"Ready","Not Ready")) -> Not Ready | P64: =IF(NOT($T64),TRUE(),FALSE()) -> FALSE | S64: Document Processing Checklist | T64: =IF($D$2="",TRUE(),IFERROR(INDEX(Configuration!$C:$C,MATCH($D$2&"|"&$S64,Configuration!$F:$F,0))<>"No",TRUE())) -> TRUE
A65: 11 | B65: Form of Compound Listed (e.g. Liquid, Powder, Oil) - Required for All Compounds | N65: =IF(NOT($T65),"N/A",IF(OR($O65=TRUE(),$P65=TRUE()),"Ready","Not Ready")) -> Not Ready | P65: =IF(NOT($T65),TRUE(),FALSE()) -> FALSE | S65: Document Processing Checklist | T65: =IF($D$2="",TRUE(),IFERROR(INDEX(Configuration!$C:$C,MATCH($D$2&"|"&$S65,Configuration!$F:$F,0))<>"No",TRUE())) -> TRUE
A66: 12 | B66: Storage Condition Listed - Required for All Compounds | N66: =IF(NOT($T66),"N/A",IF(OR($O66=TRUE(),$P66=TRUE()),"Ready","Not Ready")) -> Not Ready | P66: =IF(NOT($T66),TRUE(),FALSE()) -> FALSE | S66: Document Processing Checklist | T66: =IF($D$2="",TRUE(),IFERROR(INDEX(Configuration!$C:$C,MATCH($D$2&"|"&$S66,Configuration!$F:$F,0))<>"No",TRUE())) -> TRUE
A67: 13 | B67: Molecular Weight (g/mol, base form) is Listed - Required for ADME Services | N67: =IF(NOT($T67),"N/A",IF(OR($O67=TRUE(),$P67=TRUE()),"Ready","Not Ready")) -> Not Ready | P67: =IF(NOT($T67),TRUE(),FALSE()) -> FALSE | S67: Document Processing Checklist | T67: =IF($D$2="",TRUE(),IFERROR(INDEX(Configuration!$C:$C,MATCH($D$2&"|"&$S67,Configuration!$F:$F,0))<>"No",TRUE())) -> TRUE
B68: MW is Not Higher than FW | N68: =IF(NOT($T68),"N/A",IF(OR($O68=TRUE(),$P68=TRUE()),"Ready","Not Ready")) -> Not Ready | P68: =IF(NOT($T68),TRUE(),FALSE()) -> FALSE | S68: Document Processing Checklist | T68: =IF($D$2="",TRUE(),IFERROR(INDEX(Configuration!$C:$C,MATCH($D$2&"|"&$S68,Configuration!$F:$F,0))<>"No",TRUE())) -> TRUE
A69: 14 | B69: CSF Special Instructions Copied to Study Details | N69: =IF(NOT($T69),"N/A",IF(OR($O69=TRUE(),$P69=TRUE()),"Ready","Not Ready")) -> Not Ready | P69: =IF(NOT($T69),TRUE(),FALSE()) -> FALSE | S69: Document Processing Checklist | T69: =IF($D$2="",TRUE(),IFERROR(INDEX(Configuration!$C:$C,MATCH($D$2&"|"&$S69,Configuration!$F:$F,0))<>"No",TRUE())) -> TRUE
B70: If Applicable: Reviewed/Approved by SD | N70: =IF(NOT($T70),"N/A",IF(OR($O70=TRUE(),$P70=TRUE()),"Ready","Not Ready")) -> Not Ready | P70: =IF(NOT($T70),TRUE(),FALSE()) -> FALSE | S70: Document Processing Checklist | T70: =IF($D$2="",TRUE(),IFERROR(INDEX(Configuration!$C:$C,MATCH($D$2&"|"&$S70,Configuration!$F:$F,0))<>"No",TRUE())) -> TRUE
A71: 15 | B71: Test Concentrations Listed in Bottom Portion of CSF (Top Concentration or Full Range) | N71: =IF(NOT($T71),"N/A",IF(OR($O71=TRUE(),$P71=TRUE()),"Ready","Not Ready")) -> Not Ready | P71: =IF(NOT($T71),TRUE(),FALSE()) -> FALSE | S71: Document Processing Checklist | T71: =IF($D$2="",TRUE(),IFERROR(INDEX(Configuration!$C:$C,MATCH($D$2&"|"&$S71,Configuration!$F:$F,0))<>"No",TRUE())) -> TRUE
B72: Listed Test Concentrations Match CT/CST or Client E-mail | N72: =IF(NOT($T72),"N/A",IF(OR($O72=TRUE(),$P72=TRUE()),"Ready","Not Ready")) -> Not Ready | P72: =IF(NOT($T72),TRUE(),FALSE()) -> FALSE | S72: Document Processing Checklist | T72: =IF($D$2="",TRUE(),IFERROR(INDEX(Configuration!$C:$C,MATCH($D$2&"|"&$S72,Configuration!$F:$F,0))<>"No",TRUE())) -> TRUE
B73: Top Concentration AND Dilution Factor Listed, OR Full Range | N73: =IF(NOT($T73),"N/A",IF(OR($O73=TRUE(),$P73=TRUE()),"Ready","Not Ready")) -> Not Ready | P73: =IF(NOT($T73),TRUE(),FALSE()) -> FALSE | S73: Document Processing Checklist | T73: =IF($D$2="",TRUE(),IFERROR(INDEX(Configuration!$C:$C,MATCH($D$2&"|"&$S73,Configuration!$F:$F,0))<>"No",TRUE())) -> TRUE
A75: Study Details Check | L75: Done | M75: N/A | S75: Document Processing Checklist | T75: =IF($D$2="",TRUE(),IFERROR(INDEX(Configuration!$C:$C,MATCH($D$2&"|"&$S75,Configuration!$F:$F,0))<>"No",TRUE())) -> TRUE
A76: 1 | B76: Information Section Completed | N76: =IF(NOT($T76),"N/A",IF(OR($O76=TRUE(),$P76=TRUE()),"Ready","Not Ready")) -> Not Ready | P76: =IF(NOT($T76),TRUE(),FALSE()) -> FALSE | S76: Document Processing Checklist | T76: =IF($D$2="",TRUE(),IFERROR(INDEX(Configuration!$C:$C,MATCH($D$2&"|"&$S76,Configuration!$F:$F,0))<>"No",TRUE())) -> TRUE
B77: Expedited TAT: Marked correctly and TAT time captured. | N77: =IF(NOT($T77),"N/A",IF(OR($O77=TRUE(),$P77=TRUE()),"Ready","Not Ready")) -> Not Ready | P77: =IF(NOT($T77),TRUE(),FALSE()) -> FALSE | S77: Document Processing Checklist | T77: =IF($D$2="",TRUE(),IFERROR(INDEX(Configuration!$C:$C,MATCH($D$2&"|"&$S77,Configuration!$F:$F,0))<>"No",TRUE())) -> TRUE
A78: 2 | B78: Study Requirement Section Completed | N78: =IF(NOT($T78),"N/A",IF(OR($O78=TRUE(),$P78=TRUE()),"Ready","Not Ready")) -> Not Ready | P78: =IF(NOT($T78),TRUE(),FALSE()) -> FALSE | S78: Document Processing Checklist | T78: =IF($D$2="",TRUE(),IFERROR(INDEX(Configuration!$C:$C,MATCH($D$2&"|"&$S78,Configuration!$F:$F,0))<>"No",TRUE())) -> TRUE
B79: Shipping to Other Locations: Details/locations are listed. | N79: =IF(NOT($T79),"N/A",IF(OR($O79=TRUE(),$P79=TRUE()),"Ready","Not Ready")) -> Not Ready | P79: =IF(NOT($T79),TRUE(),FALSE()) -> FALSE | S79: Document Processing Checklist | T79: =IF($D$2="",TRUE(),IFERROR(INDEX(Configuration!$C:$C,MATCH($D$2&"|"&$S79,Configuration!$F:$F,0))<>"No",TRUE())) -> TRUE
B80: Compounds on Site: Compound IDs and previous study number is listed. | N80: =IF(NOT($T80),"N/A",IF(OR($O80=TRUE(),$P80=TRUE()),"Ready","Not Ready")) -> Not Ready | P80: =IF(NOT($T80),TRUE(),FALSE()) -> FALSE | S80: Document Processing Checklist | T80: =IF($D$2="",TRUE(),IFERROR(INDEX(Configuration!$C:$C,MATCH($D$2&"|"&$S80,Configuration!$F:$F,0))<>"No",TRUE())) -> TRUE
B81: Special Compound Preparations: All details/instructions are listed. | N81: =IF(NOT($T81),"N/A",IF(OR($O81=TRUE(),$P81=TRUE()),"Ready","Not Ready")) -> Not Ready | P81: =IF(NOT($T81),TRUE(),FALSE()) -> FALSE | S81: Document Processing Checklist | T81: =IF($D$2="",TRUE(),IFERROR(INDEX(Configuration!$C:$C,MATCH($D$2&"|"&$S81,Configuration!$F:$F,0))<>"No",TRUE())) -> TRUE
B82: Procurement Needed: All details are listed. | N82: =IF(NOT($T82),"N/A",IF(OR($O82=TRUE(),$P82=TRUE()),"Ready","Not Ready")) -> Not Ready | P82: =IF(NOT($T82),TRUE(),FALSE()) -> FALSE | S82: Document Processing Checklist | T82: =IF($D$2="",TRUE(),IFERROR(INDEX(Configuration!$C:$C,MATCH($D$2&"|"&$S82,Configuration!$F:$F,0))<>"No",TRUE())) -> TRUE
A83: 3 | B83: Special Instructions Section Completed | N83: =IF(NOT($T83),"N/A",IF(OR($O83=TRUE(),$P83=TRUE()),"Ready","Not Ready")) -> Not Ready | P83: =IF(NOT($T83),TRUE(),FALSE()) -> FALSE | S83: Document Processing Checklist | T83: =IF($D$2="",TRUE(),IFERROR(INDEX(Configuration!$C:$C,MATCH($D$2&"|"&$S83,Configuration!$F:$F,0))<>"No",TRUE())) -> TRUE
B84: Instructions for CMT are included. | N84: =IF(NOT($T84),"N/A",IF(OR($O84=TRUE(),$P84=TRUE()),"Ready","Not Ready")) -> Not Ready | P84: =IF(NOT($T84),TRUE(),FALSE()) -> FALSE | S84: Document Processing Checklist | T84: =IF($D$2="",TRUE(),IFERROR(INDEX(Configuration!$C:$C,MATCH($D$2&"|"&$S84,Configuration!$F:$F,0))<>"No",TRUE())) -> TRUE
B85: Instructions for lab ops are included, including notes from SD. | N85: =IF(NOT($T85),"N/A",IF(OR($O85=TRUE(),$P85=TRUE()),"Ready","Not Ready")) -> Not Ready | P85: =IF(NOT($T85),TRUE(),FALSE()) -> FALSE | S85: Document Processing Checklist | T85: =IF($D$2="",TRUE(),IFERROR(INDEX(Configuration!$C:$C,MATCH($D$2&"|"&$S85,Configuration!$F:$F,0))<>"No",TRUE())) -> TRUE
B86: If ICO, correct ICO instructions are included. | N86: =IF(NOT($T86),"N/A",IF(OR($O86=TRUE(),$P86=TRUE()),"Ready","Not Ready")) -> Not Ready | P86: =IF(NOT($T86),TRUE(),FALSE()) -> FALSE | S86: Document Processing Checklist | T86: =IF($D$2="",TRUE(),IFERROR(INDEX(Configuration!$C:$C,MATCH($D$2&"|"&$S86,Configuration!$F:$F,0))<>"No",TRUE())) -> TRUE
A87: Service Line Specific Checks | L87: Status | S87: Service Line Specific Checks | T87: =IF($D$2="",TRUE(),IFERROR(INDEX(Configuration!$C:$C,MATCH($D$2&"|"&$S87,Configuration!$F:$F,0))<>"No",TRUE())) -> TRUE
A88: ADME | L88: Done | M88: N/A | S88: ADME | T88: =IF($D$2="",TRUE(),IFERROR(INDEX(Configuration!$C:$C,MATCH($D$2&"|"&$S88,Configuration!$F:$F,0))<>"No",TRUE())) -> TRUE
A89: 1 | B89: Standard concentrations entered into CST unless otherwise approved. | N89: =IF(NOT($T89),"N/A",IF(OR($O89=TRUE(),$P89=TRUE()),"Ready","Not Ready")) -> Not Ready | P89: =IF(NOT($T89),TRUE(),FALSE()) -> FALSE | S89: ADME | T89: =IF($D$2="",TRUE(),IFERROR(INDEX(Configuration!$C:$C,MATCH($D$2&"|"&$S89,Configuration!$F:$F,0))<>"No",TRUE())) -> TRUE
A90: 2 | B90: If Bacterial Cytotoxicity: Test Concentrations Manually Added to CST. | N90: =IF(NOT($T90),"N/A",IF(OR($O90=TRUE(),$P90=TRUE()),"Ready","Not Ready")) -> Not Ready | P90: =IF(NOT($T90),TRUE(),FALSE()) -> FALSE | S90: ADME | T90: =IF($D$2="",TRUE(),IFERROR(INDEX(Configuration!$C:$C,MATCH($D$2&"|"&$S90,Configuration!$F:$F,0))<>"No",TRUE())) -> TRUE
A91: 3 | B91: If Thermodynamic Stability... | N91: =IF(NOT($T91),"N/A",IF(OR($O91=TRUE(),$P91=TRUE()),"Ready","Not Ready")) -> Not Ready | P91: =IF(NOT($T91),TRUE(),FALSE()) -> FALSE | S91: ADME | T91: =IF($D$2="",TRUE(),IFERROR(INDEX(Configuration!$C:$C,MATCH($D$2&"|"&$S91,Configuration!$F:$F,0))<>"No",TRUE())) -> TRUE
B92: Powder Compound Only (5mg) was received from client. | N92: =IF(NOT($T92),"N/A",IF(OR($O92=TRUE(),$P92=TRUE()),"Ready","Not Ready")) -> Not Ready | P92: =IF(NOT($T92),TRUE(),FALSE()) -> FALSE | S92: ADME | T92: =IF($D$2="",TRUE(),IFERROR(INDEX(Configuration!$C:$C,MATCH($D$2&"|"&$S92,Configuration!$F:$F,0))<>"No",TRUE())) -> TRUE
B93: Special Instructions Captured | N93: =IF(NOT($T93),"N/A",IF(OR($O93=TRUE(),$P93=TRUE()),"Ready","Not Ready")) -> Not Ready | P93: =IF(NOT($T93),TRUE(),FALSE()) -> FALSE | S93: ADME | T93: =IF($D$2="",TRUE(),IFERROR(INDEX(Configuration!$C:$C,MATCH($D$2&"|"&$S93,Configuration!$F:$F,0))<>"No",TRUE())) -> TRUE
A94: 4 | B94: If MetID Study: Compound Chemical Structure Received/Saved to Study Folder | N94: =IF(NOT($T94),"N/A",IF(OR($O94=TRUE(),$P94=TRUE()),"Ready","Not Ready")) -> Not Ready | P94: =IF(NOT($T94),TRUE(),FALSE()) -> FALSE | S94: ADME | T94: =IF($D$2="",TRUE(),IFERROR(INDEX(Configuration!$C:$C,MATCH($D$2&"|"&$S94,Configuration!$F:$F,0))<>"No",TRUE())) -> TRUE
A95: 5 | B95: If QBA Study (Replicates As Samples): Manifest of Samples Saved to Study Folder. | N95: =IF(NOT($T95),"N/A",IF(OR($O95=TRUE(),$P95=TRUE()),"Ready","Not Ready")) -> Not Ready | P95: =IF(NOT($T95),TRUE(),FALSE()) -> FALSE | S95: ADME | T95: =IF($D$2="",TRUE(),IFERROR(INDEX(Configuration!$C:$C,MATCH($D$2&"|"&$S95,Configuration!$F:$F,0))<>"No",TRUE())) -> TRUE
A96: Ion Channels | L96: Done | M96: N/A | S96: Ion Channels | T96: =IF($D$2="",TRUE(),IFERROR(INDEX(Configuration!$C:$C,MATCH($D$2&"|"&$S96,Configuration!$F:$F,0))<>"No",TRUE())) -> TRUE
A97: 1 | B97: If top test concentration is over 100 uM... | N97: =IF(NOT($T97),"N/A",IF(OR($O97=TRUE(),$P97=TRUE()),"Ready","Not Ready")) -> Not Ready | P97: =IF(NOT($T97),TRUE(),FALSE()) -> FALSE | S97: Ion Channels | T97: =IF($D$2="",TRUE(),IFERROR(INDEX(Configuration!$C:$C,MATCH($D$2&"|"&$S97,Configuration!$F:$F,0))<>"No",TRUE())) -> TRUE
B98: Approved by study director. | N98: =IF(NOT($T98),"N/A",IF(OR($O98=TRUE(),$P98=TRUE()),"Ready","Not Ready")) -> Not Ready | P98: =IF(NOT($T98),TRUE(),FALSE()) -> FALSE | S98: Ion Channels | T98: =IF($D$2="",TRUE(),IFERROR(INDEX(Configuration!$C:$C,MATCH($D$2&"|"&$S98,Configuration!$F:$F,0))<>"No",TRUE())) -> TRUE
B99: Confirmed by client as soluble in 300X DMSO or 100X water/buffer. | N99: =IF(NOT($T99),"N/A",IF(OR($O99=TRUE(),$P99=TRUE()),"Ready","Not Ready")) -> Not Ready | P99: =IF(NOT($T99),TRUE(),FALSE()) -> FALSE | S99: Ion Channels | T99: =IF($D$2="",TRUE(),IFERROR(INDEX(Configuration!$C:$C,MATCH($D$2&"|"&$S99,Configuration!$F:$F,0))<>"No",TRUE())) -> TRUE
A100: 2 | B100: If Express hERG... | N100: =IF(NOT($T100),"N/A",IF(OR($O100=TRUE(),$P100=TRUE()),"Ready","Not Ready")) -> Not Ready | P100: =IF(NOT($T100),TRUE(),FALSE()) -> FALSE | S100: Ion Channels | T100: =IF($D$2="",TRUE(),IFERROR(INDEX(Configuration!$C:$C,MATCH($D$2&"|"&$S100,Configuration!$F:$F,0))<>"No",TRUE())) -> TRUE
B101: (6 Point) Test concentrations are fixed at 30,10,3,1,0.3,0.1uM | N101: =IF(NOT($T101),"N/A",IF(OR($O101=TRUE(),$P101=TRUE()),"Ready","Not Ready")) -> Not Ready | P101: =IF(NOT($T101),TRUE(),FALSE()) -> FALSE | S101: Ion Channels | T101: =IF($D$2="",TRUE(),IFERROR(INDEX(Configuration!$C:$C,MATCH($D$2&"|"&$S101,Configuration!$F:$F,0))<>"No",TRUE())) -> TRUE
B102: (1 Point) Test concentration is fixed at 10uM | N102: =IF(NOT($T102),"N/A",IF(OR($O102=TRUE(),$P102=TRUE()),"Ready","Not Ready")) -> Not Ready | P102: =IF(NOT($T102),TRUE(),FALSE()) -> FALSE | S102: Ion Channels | T102: =IF($D$2="",TRUE(),IFERROR(INDEX(Configuration!$C:$C,MATCH($D$2&"|"&$S102,Configuration!$F:$F,0))<>"No",TRUE())) -> TRUE
B103: 5 Day TAT is captured in study details. | N103: =IF(NOT($T103),"N/A",IF(OR($O103=TRUE(),$P103=TRUE()),"Ready","Not Ready")) -> Not Ready | P103: =IF(NOT($T103),TRUE(),FALSE()) -> FALSE | S103: Ion Channels | T103: =IF($D$2="",TRUE(),IFERROR(INDEX(Configuration!$C:$C,MATCH($D$2&"|"&$S103,Configuration!$F:$F,0))<>"No",TRUE())) -> TRUE
...

Sheet Master Checklist
A3: Folder Processing Checklist | L3: Status
A4: Required Documents in Final Folder | L4: Done | M4: N/A | Q4: Drop Down | R4: Display
A5: 1 | B5: Copy of Quotation (Final Version) | N5: =IF(ISBLANK(O5)*ISBLANK(P5),"Not Ready",IF(AND(O5=FALSE(),P5=FALSE()),"Not Ready","Ready")) -> Not Ready | Q5: Report Only Study | R5: Required Documents in Final Folder
A6: 2 | B6: Copy of Formal Approval (PO, signed quote/SOW, CC or eCOM order email). | N6: =IF(ISBLANK(O6)*ISBLANK(P6),"Not Ready",IF(AND(O6=FALSE(),P6=FALSE()),"Not Ready","Ready")) -> Not Ready | R6: AX Processing Checklist
B7: If formal approval is a signed quote or SOW:
B8: CS has confirmed with client that NO PO will be required. | N8: =IF(ISBLANK(O8)*ISBLANK(P8),"Not Ready",IF(AND(O8=FALSE(),P8=FALSE()),"Not Ready","Ready")) -> Not Ready
B9: The relevant e-mail has been saved to study folder titled "Attn Finance". | N9: =IF(ISBLANK(O9)*ISBLANK(P9),"Not Ready",IF(AND(O9=FALSE(),P9=FALSE()),"Not Ready","Ready")) -> Not Ready | Q9: ADME | R9: All But Ion channel, BioMAP, Biomarker, Oncopanel, Biotherapeutics
B10: If PO is NEVER REQUIRED: eLIMs Client Specification has been created. | N10: =IF(ISBLANK(O10)*ISBLANK(P10),"Not Ready",IF(AND(O10=FALSE(),P10=FALSE()),"Not Ready","Ready")) -> Not Ready | Q10: Ion Channel | R10: All But ADME, BioMAP, Biomarker, Oncopanel, Biotherapeutics
A11: 3 | B11: Completed FINAL Digital Compound Submission Form (CSF) | N11: =IF(ISBLANK(O11)*ISBLANK(P11),"Not Ready",IF(AND(O11=FALSE(),P11=FALSE()),"Not Ready","Ready")) -> Not Ready | Q11: BioMAP | R11: All But ADME ,Ion channel, Biomarker, Oncopanel, Biotherapeutics
A12: 4 | B12: Record of FINAL Test Concentrations | N12: =IF(ISBLANK(O12)*ISBLANK(P12),"Not Ready",IF(AND(O12=FALSE(),P12=FALSE()),"Not Ready","Ready")) -> Not Ready | Q12: Biomarker | R12: All But ADME, Ion channel, BioMAP, Oncopanel, Biotherapeutics
B13: eCOM/ICPO Orders: Export of Compound Study Table (CST) Saved | N13: =IF(ISBLANK(O13)*ISBLANK(P13),"Not Ready",IF(AND(O13=FALSE(),P13=FALSE()),"Not Ready","Ready")) -> Not Ready | Q13: Oncopanel | R13: All But ADME, Ion channel, BioMAP, Biomarker, Biotherapeutics
B14: Other Order Types: Bottom Portion of CSF Completed | N14: =IF(ISBLANK(O14)*ISBLANK(P14),"Not Ready",IF(AND(O14=FALSE(),P14=FALSE()),"Not Ready","Ready")) -> Not Ready | Q14: Biotherapeutics | R14: All ButADME, Ion channel, BioMAP, Biomarker, Oncopanel
A15: 5 | B15: E-mail for Any Supporting Documentation or Special Instructions (If Applicable) | N15: =IF(ISBLANK(O15)*ISBLANK(P15),"Not Ready",IF(AND(O15=FALSE(),P15=FALSE()),"Not Ready","Ready")) -> Not Ready | Q15: ADME/Ion Channel | R15: All But BioMAP, Biomarker, Oncopanel, Biotherapeutics
A16: 6 | B16: Compound Check E-mail Saved: If In-House Compounds Being Screened | N16: =IF(ISBLANK(O16)*ISBLANK(P16),"Not Ready",IF(AND(O16=FALSE(),P16=FALSE()),"Not Ready","Ready")) -> Not Ready | Q16: ADME/Biomap | R16: All But Ion channel, Biomarker, Oncopanel, Biotherapeutics
A17: 7 | B17: Completed Study Details | N17: =IF(ISBLANK(O17)*ISBLANK(P17),"Not Ready",IF(AND(O17=FALSE(),P17=FALSE()),"Not Ready","Ready")) -> Not Ready
A18: 8 | B18: FINAL Study Plan (If Applicable) | N18: =IF(ISBLANK(O18)*ISBLANK(P18),"Not Ready",IF(AND(O18=FALSE(),P18=FALSE()),"Not Ready","Ready")) -> Not Ready
A19: 9 | B19: Prepayment Received, E-mail Saved (If Required) | N19: =IF(ISBLANK(O19)*ISBLANK(P19),"Not Ready",IF(AND(O19=FALSE(),P19=FALSE()),"Not Ready","Ready")) -> Not Ready
A21: AX Processing Checklist | L21: Status
A22: Order Confirmed | L22: Done | M22: N/A
A23: 1 | B23: Quote Confirmed to Sales Order | N23: =IF(ISBLANK(O23)*ISBLANK(P23),"Not Ready",IF(AND(O23=FALSE(),P23=FALSE()),"Not Ready","Ready")) -> Not Ready
A24: AX Header Setup | L24: Done | M24: N/A
A25: 1 | B25: Invoicing Contact is Correct ( See Purchase Order Check Section) | N25: =IF(ISBLANK(O25)*ISBLANK(P25),"Not Ready",IF(AND(O25=FALSE(),P25=FALSE()),"Not Ready","Ready")) -> Not Ready
B26: Set as 'Accounts Payable' (If Applicable - Check All eCommerce Orders) | N26: =IF(ISBLANK(O26)*ISBLANK(P26),"Not Ready",IF(AND(O26=FALSE(),P26=FALSE()),"Not Ready","Ready")) -> Not Ready
A27: 2 | B27: Form of Approval is in PO Field | N27: =IF(ISBLANK(O27)*ISBLANK(P27),"Not Ready",IF(AND(O27=FALSE(),P27=FALSE()),"Not Ready","Ready")) -> Not Ready
A28: 3 | B28: Study Director Assigned in AX | N28: =IF(ISBLANK(O28)*ISBLANK(P28),"Not Ready",IF(AND(O28=FALSE(),P28=FALSE()),"Not Ready","Ready")) -> Not Ready
A29: CT/CST Check | L29: Done | M29: N/A
A30: 1 | B30: Compound Table and Compound Study Table (CT/CST) Completed in AX | N30: =IF(ISBLANK(O30)*ISBLANK(P30),"Not Ready",IF(AND(O30=FALSE(),P30=FALSE()),"Not Ready","Ready")) -> Not Ready
B31: Specific Compound/Assay association (not all compounds will be tested in all assays), 2nd ck required Initials: | N31: =IF(ISBLANK(O31)*ISBLANK(P31),"Not Ready",IF(AND(O31=FALSE(),P31=FALSE()),"Not Ready","Ready")) -> Not Ready
A32: 2 | B32: Number of Compounds in CT/CST Matches Quote and Compound Submission Form | N32: =IF(ISBLANK(O32)*ISBLANK(P32),"Not Ready",IF(AND(O32=FALSE(),P32=FALSE()),"Not Ready","Ready")) -> Not Ready
A33: 3 | B33: Compound ID in CT/CST Matches Compound Submission Form | N33: =IF(ISBLANK(O33)*ISBLANK(P33),"Not Ready",IF(AND(O33=FALSE(),P33=FALSE()),"Not Ready","Ready")) -> Not Ready
A34: 4 | B34: Study Number in CT/CST Is Correct and Matches Sales Order | N34: =IF(ISBLANK(O34)*ISBLANK(P34),"Not Ready",IF(AND(O34=FALSE(),P34=FALSE()),"Not Ready","Ready")) -> Not Ready
A35: 5 | B35: Final Concentration(s) Listed in CST Match Lower Portion of CSF or Client E-mail. | N35: =IF(ISBLANK(O35)*ISBLANK(P35),"Not Ready",IF(AND(O35=FALSE(),P35=FALSE()),"Not Ready","Ready")) -> Not Ready
A36: 6 | B36: Number of Assay Lines in CST Matches Sales Order | N36: =IF(ISBLANK(O36)*ISBLANK(P36),"Not Ready",IF(AND(O36=FALSE(),P36=FALSE()),"Not Ready","Ready")) -> Not Ready
A38: Document Processing Checklist | L38: Status
A39: Purchase Order Check (Refer to SOP 11) PO Check-in must be be done on ALL US034 orders, whether created via eCommerce or by Lab P Client Services. | L39: Done | M39: N/A
A40: 1 | B40: Correct Eurofins Entity is Listed | N40: =IF(ISBLANK(O40)*ISBLANK(P40),"Not Ready",IF(AND(O40=FALSE(),P40=FALSE()),"Not Ready","Ready")) -> Not Ready
A41: 2 | B41: Client Business Address (Physical and E-mail) Matches AX | N41: =IF(ISBLANK(O41)*ISBLANK(P41),"Not Ready",IF(AND(O41=FALSE(),P41=FALSE()),"Not Ready","Ready")) -> Not Ready
B42: If Discrepant: CRM Updated, Contact Synced, AX Header Updated | N42: =IF(ISBLANK(O42)*ISBLANK(P42),"Not Ready",IF(AND(O42=FALSE(),P42=FALSE()),"Not Ready","Ready")) -> Not Ready
A43: 3 | B43: Client Invoicing Address (Physical and E-mail) Matches AX | N43: =IF(ISBLANK(O43)*ISBLANK(P43),"Not Ready",IF(AND(O43=FALSE(),P43=FALSE()),"Not Ready","Ready")) -> Not Ready
B44: If Discrepant: CRM Updated, Contact Synced, AX Header Updated | N44: =IF(ISBLANK(O44)*ISBLANK(P44),"Not Ready",IF(AND(O44=FALSE(),P44=FALSE()),"Not Ready","Ready")) -> Not Ready
A45: 4 | B45: PO Number in AX Exactly Matches Number on PO Document | N45: =IF(ISBLANK(O45)*ISBLANK(P45),"Not Ready",IF(AND(O45=FALSE(),P45=FALSE()),"Not Ready","Ready")) -> Not Ready
A46: 5 | B46: Value of PO Matches Sales Order Value | N46: =IF(ISBLANK(O46)*ISBLANK(P46),"Not Ready",IF(AND(O46=FALSE(),P46=FALSE()),"Not Ready","Ready")) -> Not Ready
A47: 6 | B47: Currency of PO Matches Sales Order | N47: =IF(ISBLANK(O47)*ISBLANK(P47),"Not Ready",IF(AND(O47=FALSE(),P47=FALSE()),"Not Ready","Ready")) -> Not Ready
A48: 7 | B48: Net Payment Terms of PO Match Client Payment Terms in eLIMS | N48: =IF(ISBLANK(O48)*ISBLANK(P48),"Not Ready",IF(AND(O48=FALSE(),P48=FALSE()),"Not Ready","Ready")) -> Not Ready
A49: Compound Submission Form Check | L49: Done | M49: N/A
B50: IF A PO# IS LISTED ON THE CSF BUT THE CLIENT HAS NOT PROVIDED A PO# ELSEWHERE, OR THE PO# DOES NOT MATCH eCOM ORDER/PO DOCUMENT, THEN CS MUST REACH OUT TO CUSTOMER FOR CLARIFICATION. | N50: =IF(ISBLANK(O50)*ISBLANK(P50),"Not Ready",IF(AND(O50=FALSE(),P50=FALSE()),"Not Ready","Ready")) -> Not Ready
A51: 1 | B51: Number of Compounds Matches Between CSF and Sales Order | N51: =IF(ISBLANK(O51)*ISBLANK(P51),"Not Ready",IF(AND(O51=FALSE(),P51=FALSE()),"Not Ready","Ready")) -> Not Ready
A52: 3 | B52: Formula Weight (g/mol) is Listed - Required for Solids | N52: =IF(ISBLANK(O52)*ISBLANK(P52),"Not Ready",IF(AND(O52=FALSE(),P52=FALSE()),"Not Ready","Ready")) -> Not Ready
A53: 4 | B53: Compound Weight/Exact Mass is Listed - Required for Solids | N53: =IF(ISBLANK(O53)*ISBLANK(P53),"Not Ready",IF(AND(O53=FALSE(),P53=FALSE()),"Not Ready","Ready")) -> Not Ready
A54: 5 | B54: Stock Concentration and Unit Listed - Required for Liquids | N54: =IF(ISBLANK(O54)*ISBLANK(P54),"Not Ready",IF(AND(O54=FALSE(),P54=FALSE()),"Not Ready","Ready")) -> Not Ready
A55: 6 | B55: Vehicle/Solvent (e.g. DMSO, PBS, H2O) Listed - Required for Liquids and BioMAP | N55: =IF(ISBLANK(O55)*ISBLANK(P55),"Not Ready",IF(AND(O55=FALSE(),P55=FALSE()),"Not Ready","Ready")) -> Not Ready
A56: 7 | B56: Volume Amount and Unit Listed - Required for Liquid Compounds | N56: =IF(ISBLANK(O56)*ISBLANK(P56),"Not Ready",IF(AND(O56=FALSE(),P56=FALSE()),"Not Ready","Ready")) -> Not Ready
A57: 8 | B57: Sufficient Amount of Compound Received | N57: =IF(ISBLANK(O57)*ISBLANK(P57),"Not Ready",IF(AND(O57=FALSE(),P57=FALSE()),"Not Ready","Ready")) -> Not Ready
B58: If uncertain of compound requirement (due to multiple assays, varying stock concentrations, etc), CMT has been consulted for amount needed. | N58: =IF(ISBLANK(O58)*ISBLANK(P58),"Not Ready",IF(AND(O58=FALSE(),P58=FALSE()),"Not Ready","Ready")) -> Not Ready
B59: Powder: Total amount listed accommodates all assays in the study, per the FINAL Sales Order in AX, and considers MW. | N59: =IF(ISBLANK(O59)*ISBLANK(P59),"Not Ready",IF(AND(O59=FALSE(),P59=FALSE()),"Not Ready","Ready")) -> Not Ready
B60: Liquid: Volume and stock conc. accommodates all assays in the study, per the FINAL Sales Order in AX. | N60: =IF(ISBLANK(O60)*ISBLANK(P60),"Not Ready",IF(AND(O60=FALSE(),P60=FALSE()),"Not Ready","Ready")) -> Not Ready
B61: Stock Concentration Supports Top Test Concentration | N61: =IF(ISBLANK(O61)*ISBLANK(P61),"Not Ready",IF(AND(O61=FALSE(),P61=FALSE()),"Not Ready","Ready")) -> Not Ready
B62: Stock Concentration Aligns With Service Line Requirement | N62: =IF(ISBLANK(O62)*ISBLANK(P62),"Not Ready",IF(AND(O62=FALSE(),P62=FALSE()),"Not Ready","Ready")) -> Not Ready
A63: 9 | B63: Plate/Rack Name/Vial Barcode Listed - Required for Plated Compounds | N63: =IF(ISBLANK(O63)*ISBLANK(P63),"Not Ready",IF(AND(O63=FALSE(),P63=FALSE()),"Not Ready","Ready")) -> Not Ready
A64: 10 | B64: Well ID Listed - Required for Plated Compounds | N64: =IF(ISBLANK(O64)*ISBLANK(P64),"Not Ready",IF(AND(O64=FALSE(),P64=FALSE()),"Not Ready","Ready")) -> Not Ready
A65: 11 | B65: Form of Compound Listed (e.g. Liquid, Powder, Oil) - Required for All Compounds | N65: =IF(ISBLANK(O65)*ISBLANK(P65),"Not Ready",IF(AND(O65=FALSE(),P65=FALSE()),"Not Ready","Ready")) -> Not Ready
A66: 12 | B66: Storage Condition Listed - Required for All Compounds | N66: =IF(ISBLANK(O66)*ISBLANK(P66),"Not Ready",IF(AND(O66=FALSE(),P66=FALSE()),"Not Ready","Ready")) -> Not Ready
A67: 13 | B67: Molecular Weight (g/mol, base form) is Listed - Required for ADME Services | N67: =IF(ISBLANK(O67)*ISBLANK(P67),"Not Ready",IF(AND(O67=FALSE(),P67=FALSE()),"Not Ready","Ready")) -> Not Ready
B68: MW is Not Higher than FW | N68: =IF(ISBLANK(O68)*ISBLANK(P68),"Not Ready",IF(AND(O68=FALSE(),P68=FALSE()),"Not Ready","Ready")) -> Not Ready
A69: 14 | B69: CSF Special Instructions Copied to Study Details | N69: =IF(ISBLANK(O69)*ISBLANK(P69),"Not Ready",IF(AND(O69=FALSE(),P69=FALSE()),"Not Ready","Ready")) -> Not Ready
B70: If Applicable: Reviewed/Approved by SD | N70: =IF(ISBLANK(O70)*ISBLANK(P70),"Not Ready",IF(AND(O70=FALSE(),P70=FALSE()),"Not Ready","Ready")) -> Not Ready
A71: 15 | B71: Test Concentrations Listed in Bottom Portion of CSF (Top Concentration or Full Range) | N71: =IF(ISBLANK(O71)*ISBLANK(P71),"Not Ready",IF(AND(O71=FALSE(),P71=FALSE()),"Not Ready","Ready")) -> Not Ready
B72: Listed Test Concentrations Match CT/CST or Client E-mail | N72: =IF(ISBLANK(O72)*ISBLANK(P72),"Not Ready",IF(AND(O72=FALSE(),P72=FALSE()),"Not Ready","Ready")) -> Not Ready
B73: Top Concentration AND Dilution Factor Listed, OR Full Range | N73: =IF(ISBLANK(O73)*ISBLANK(P73),"Not Ready",IF(AND(O73=FALSE(),P73=FALSE()),"Not Ready","Ready")) -> Not Ready
A75: Study Details Check | L75: Done | M75: N/A
A76: 1 | B76: Information Section Completed | N76: =IF(ISBLANK(O76)*ISBLANK(P76),"Not Ready",IF(AND(O76=FALSE(),P76=FALSE()),"Not Ready","Ready")) -> Not Ready
B77: Expedited TAT: Marked correctly and TAT time captured. | N77: =IF(ISBLANK(O77)*ISBLANK(P77),"Not Ready",IF(AND(O77=FALSE(),P77=FALSE()),"Not Ready","Ready")) -> Not Ready
A78: 2 | B78: Study Requirement Section Completed | N78: =IF(ISBLANK(O78)*ISBLANK(P78),"Not Ready",IF(AND(O78=FALSE(),P78=FALSE()),"Not Ready","Ready")) -> Not Ready
B79: Shipping to Other Locations: Details/locations are listed. | N79: =IF(ISBLANK(O79)*ISBLANK(P79),"Not Ready",IF(AND(O79=FALSE(),P79=FALSE()),"Not Ready","Ready")) -> Not Ready
B80: Compounds on Site: Compound IDs and previous study number is listed. | N80: =IF(ISBLANK(O80)*ISBLANK(P80),"Not Ready",IF(AND(O80=FALSE(),P80=FALSE()),"Not Ready","Ready")) -> Not Ready
B81: Special Compound Preparations: All details/instructions are listed. | N81: =IF(ISBLANK(O81)*ISBLANK(P81),"Not Ready",IF(AND(O81=FALSE(),P81=FALSE()),"Not Ready","Ready")) -> Not Ready
B82: Procurement Needed: All details are listed. | N82: =IF(ISBLANK(O82)*ISBLANK(P82),"Not Ready",IF(AND(O82=FALSE(),P82=FALSE()),"Not Ready","Ready")) -> Not Ready
A83: 3 | B83: Special Instructions Section Completed | N83: =IF(ISBLANK(O83)*ISBLANK(P83),"Not Ready",IF(AND(O83=FALSE(),P83=FALSE()),"Not Ready","Ready")) -> Not Ready
B84: Instructions for CMT are included. | N84: =IF(ISBLANK(O84)*ISBLANK(P84),"Not Ready",IF(AND(O84=FALSE(),P84=FALSE()),"Not Ready","Ready")) -> Not Ready
B85: Instructions for lab ops are included, including notes from SD. | N85: =IF(ISBLANK(O85)*ISBLANK(P85),"Not Ready",IF(AND(O85=FALSE(),P85=FALSE()),"Not Ready","Ready")) -> Not Ready
B86: If ICO, correct ICO instructions are included. | N86: =IF(ISBLANK(O86)*ISBLANK(P86),"Not Ready",IF(AND(O86=FALSE(),P86=FALSE()),"Not Ready","Ready")) -> Not Ready
A87: Service Line Specific Checks | L87: Status
A88: ADME | L88: Done | M88: N/A
A89: 1 | B89: Standard concentrations entered into CST unless otherwise approved. | N89: =IF(ISBLANK(O89)*ISBLANK(P89),"Not Ready",IF(AND(O89=FALSE(),P89=FALSE()),"Not Ready","Ready")) -> Not Ready
A90: 2 | B90: If Bacterial Cytotoxicity: Test Concentrations Manually Added to CST. | N90: =IF(ISBLANK(O90)*ISBLANK(P90),"Not Ready",IF(AND(O90=FALSE(),P90=FALSE()),"Not Ready","Ready")) -> Not Ready
A91: 3 | B91: If Thermodynamic Stability... | N91: =IF(ISBLANK(O91)*ISBLANK(P91),"Not Ready",IF(AND(O91=FALSE(),P91=FALSE()),"Not Ready","Ready")) -> Not Ready
B92: Powder Compound Only (5mg) was received from client. | N92: =IF(ISBLANK(O92)*ISBLANK(P92),"Not Ready",IF(AND(O92=FALSE(),P92=FALSE()),"Not Ready","Ready")) -> Not Ready
B93: Special Instructions Captured | N93: =IF(ISBLANK(O93)*ISBLANK(P93),"Not Ready",IF(AND(O93=FALSE(),P93=FALSE()),"Not Ready","Ready")) -> Not Ready
A94: 4 | B94: If MetID Study: Compound Chemical Structure Received/Saved to Study Folder | N94: =IF(ISBLANK(O94)*ISBLANK(P94),"Not Ready",IF(AND(O94=FALSE(),P94=FALSE()),"Not Ready","Ready")) -> Not Ready
A95: 5 | B95: If QBA Study (Replicates As Samples): Manifest of Samples Saved to Study Folder. | N95: =IF(ISBLANK(O95)*ISBLANK(P95),"Not Ready",IF(AND(O95=FALSE(),P95=FALSE()),"Not Ready","Ready")) -> Not Ready
A96: Ion Channels | L96: Done | M96: N/A
A97: 1 | B97: If top test concentration is over 100 uM... | N97: =IF(ISBLANK(O97)*ISBLANK(P97),"Not Ready",IF(AND(O97=FALSE(),P97=FALSE()),"Not Ready","Ready")) -> Not Ready
B98: Approved by study director. | N98: =IF(ISBLANK(O98)*ISBLANK(P98),"Not Ready",IF(AND(O98=FALSE(),P98=FALSE()),"Not Ready","Ready")) -> Not Ready
B99: Confirmed by client as soluble in 300X DMSO or 100X water/buffer. | N99: =IF(ISBLANK(O99)*ISBLANK(P99),"Not Ready",IF(AND(O99=FALSE(),P99=FALSE()),"Not Ready","Ready")) -> Not Ready
A100: 2 | B100: If Express hERG... | N100: =IF(ISBLANK(O100)*ISBLANK(P100),"Not Ready",IF(AND(O100=FALSE(),P100=FALSE()),"Not Ready","Ready")) -> Not Ready
B101: (6 Point) Test concentrations are fixed at 30,10,3,1,0.3,0.1uM | N101: =IF(ISBLANK(O101)*ISBLANK(P101),"Not Ready",IF(AND(O101=FALSE(),P101=FALSE()),"Not Ready","Ready")) -> Not Ready
B102: (1 Point) Test concentration is fixed at 10uM | N102: =IF(ISBLANK(O102)*ISBLANK(P102),"Not Ready",IF(AND(O102=FALSE(),P102=FALSE()),"Not Ready","Ready")) -> Not Ready
B103: 5 Day TAT is captured in study details. | N103: =IF(ISBLANK(O103)*ISBLANK(P103),"Not Ready",IF(AND(O103=FALSE(),P103=FALSE()),"Not Ready","Ready")) -> Not Ready
A104: 3 | B104: If CardiacProfiler, monthly run schedule has been shared with client. | N104: =IF(ISBLANK(O104)*ISBLANK(P104),"Not Ready",IF(AND(O104=FALSE(),P104=FALSE()),"Not Ready","Ready")) -> Not Ready
A105: BioMAP | L105: Done | M105: N/A
...

Sheet Configuration
A1: CONFIGURATION / MAPPING — edit here to change which sections show per study type
A2: Study Type | B2: Section | C2: Display (Yes/No) | D2: Notes / Needs Business Confirmation | F2: Key (auto) | H2: Study Type List (dropdown source)
A3: Report Only Study | B3: Folder Processing Checklist | C3: Yes | F3: Report Only Study|Folder Processing Checklist | H3: Report Only Study
A4: Report Only Study | B4: AX Processing Checklist | C4: Yes | F4: Report Only Study|AX Processing Checklist | H4: ADME
A5: Report Only Study | B5: Document Processing Checklist | C5: No | D5: Needs Business Confirmation: transcript mentions PO checks may be needed for Report Only; existing file lists only Folder + AX. | F5: Report Only Study|Document Processing Checklist | H5: Ion Channel
A6: Report Only Study | B6: Service Line Specific Checks | C6: No | F6: Report Only Study|Service Line Specific Checks | H6: BioMAP
A7: Report Only Study | B7: ADME | C7: No | F7: Report Only Study|ADME | H7: Biomarker
A8: Report Only Study | B8: Ion Channels | C8: No | F8: Report Only Study|Ion Channels | H8: Oncopanel
A9: Report Only Study | B9: BioMAP | C9: No | F9: Report Only Study|BioMAP | H9: Biotherapeutics
A10: Report Only Study | B10: Biomarkers | C10: No | F10: Report Only Study|Biomarkers | H10: ADME/Ion Channel
A11: Report Only Study | B11: OncoPanel | C11: No | F11: Report Only Study|OncoPanel | H11: ADME/Biomap
A12: Report Only Study | B12: Biotherapeutics | C12: No | F12: Report Only Study|Biotherapeutics | H12: Other
A13: Report Only Study | B13: After Shipment Received | C13: No | F13: Report Only Study|After Shipment Received
A14: Report Only Study | B14: Comments/Notes | C14: Yes | F14: Report Only Study|Comments/Notes
A15: ADME | B15: Folder Processing Checklist | C15: Yes | F15: ADME|Folder Processing Checklist
A16: ADME | B16: AX Processing Checklist | C16: Yes | F16: ADME|AX Processing Checklist
A17: ADME | B17: Document Processing Checklist | C17: Yes | F17: ADME|Document Processing Checklist
A18: ADME | B18: Service Line Specific Checks | C18: Yes | F18: ADME|Service Line Specific Checks
A19: ADME | B19: ADME | C19: Yes | F19: ADME|ADME
A20: ADME | B20: Ion Channels | C20: No | F20: ADME|Ion Channels
A21: ADME | B21: BioMAP | C21: No | F21: ADME|BioMAP
A22: ADME | B22: Biomarkers | C22: No | F22: ADME|Biomarkers
A23: ADME | B23: OncoPanel | C23: No | F23: ADME|OncoPanel
A24: ADME | B24: Biotherapeutics | C24: No | F24: ADME|Biotherapeutics
... A110: ADME/Biomap | B110: Comments/Notes | C110: Yes | F110: ADME/Biomap|Comments/Notes
A111: Other | B111: Folder Processing Checklist | C111: Needs Confirmation | D111: Needs Business Confirmation: mapping for 'Other' not defined in transcript/existing file (shows all as safe default). | F111: Other|Folder Processing Checklist
A112: Other | B112: AX Processing Checklist | C112: Needs Confirmation | D112: Needs Business Confirmation: mapping for 'Other' not defined in transcript/existing file (shows all as safe default). | F112: Other|AX Processing Checklist
A113: Other | B113: Document Processing Checklist | C113: Needs Confirmation | D113: Needs Business Confirmation: mapping for 'Other' not defined in transcript/existing file (shows all as safe default). | F113: Other|Document Processing Checklist
A114: Other | B114: Service Line Specific Checks | C114: Needs Confirmation | D114: Needs Business Confirmation: mapping for 'Other' not defined in transcript/existing file (shows all as safe default). | F114: Other|Service Line Specific Checks
A115: Other | B115: ADME | C115: Needs Confirmation | D115: Needs Business Confirmation: mapping for 'Other' not defined in transcript/existing file (shows all as safe default). | F115: Other|ADME
A116: Other | B116: Ion Channels | C116: Needs Confirmation | D116: Needs Business Confirmation: mapping for 'Other' not defined in transcript/existing file (shows all as safe default). | F116: Other|Ion Channels
A117: Other | B117: BioMAP | C117: Needs Confirmation | D117: Needs Business Confirmation: mapping for 'Other' not defined in transcript/existing file (shows all as safe default). | F117: Other|BioMAP
A118: Other | B118: Biomarkers | C118: Needs Confirmation | D118: Needs Business Confirmation: mapping for 'Other' not defined in transcript/existing file (shows all as safe default). | F118: Other|Biomarkers
A119: Other | B119: OncoPanel | C119: Needs Confirmation | D119: Needs Business Confirmation: mapping for 'Other' not defined in transcript/existing file (shows all as safe default). | F119: Other|OncoPanel
A120: Other | B120: Biotherapeutics | C120: Needs Confirmation | D120: Needs Business Confirmation: mapping for 'Other' not defined in transcript/existing file (shows all as safe default). | F120: Other|Biotherapeutics
A121: Other | B121: After Shipment Received | C121: Needs Confirmation | D121: Needs Business Confirmation: mapping for 'Other' not defined in transcript/existing file (shows all as safe default). | F121: Other|After Shipment Received
A122: Other | B122: Comments/Notes | C122: Needs Confirmation | D122: Needs Business Confirmation: mapping for 'Other' not defined in transcript/existing file (shows all as safe default). | F122: Other|Comments/Notes
